"script.filename","script.startdate","script.starttime","script.subjectid","script.groupid","script.elapsedtime","values.completed","expressions.da","expressions.db","expressions.d","expressions.percentcorrect"
"IAT_insects_chinese.iqx","060417","16:25:13","455843278","945186093","205995","1","0.6068893007566186215","-0.0731249772469516751","0.2668821617548334801","81.6666666666666714036"
"IAT_flowers_chinese.iqx","060417","16:18:24","453917922","912251804","285240","1","1.1140432206674188986","1.2986376560594563578","1.2063404383634375172","100"
"IAT_insects_chinese.iqx","060417","21:12:15","576824149","462563064","342864","1","-0.2151676307192706694","-0.1647841244956976536","-0.1899758776074841615","95"
"IAT_insects_chinese.iqx","060417","13:06:41","162872485","160297430","279289","1","0.5430558706241037648","-0.2409904159693504744","0.1510327273273766591","100"
"IAT_flowers_chinese.iqx","060517","04:03:07","441229036","735441873","287495","1","0.0889426002306819702","-0.0487011206547994513","0.0201207397879412594","100"
"IAT_flowers_chinese.iqx","060417","13:00:01","891714010","10404180","269602","1","-0.8508151585484375889","0.592083478445185496","-0.1293658400516260465","92.5"
"IAT_flowers_chinese.iqx","060417","20:59:35","347074539","629660402","178808","1","-0.4963733854001041168","0.4982450623860726902","0.0009358384929842989","86.6666666666666714036"
"IAT_flowers_chinese.iqx","060417","20:52:36","728533097","425743518","279947","1","0.9710058281920486145","1.0575906149365408293","1.0142982215642946109","97.5"
"IAT_insects_chinese.iqx","060417","15:53:00","647995710","337976538","212560","1","-0.1554987050052481778","-0.1298244987250596616","-0.1426616018651539197","96.6666666666666714036"
"IAT_flowers_chinese.iqx","060417","20:51:47","133849929","535351414","203997","1","0.0105996710028795557","0.0414143627097983691","0.0260070168563389624","96.6666666666666714036"
"IAT_insects_chinese.iqx","060417","14:49:14","498755454","270797721","224770","1","0.8084142412865288341","0.7541362190227460793","0.7812752301546375122","91.6666666666666571928"
"IAT_insects_chinese.iqx","060417","20:54:51","493095005","324572874","231030","1","-1.1759152803451129454","-0.8101623143676609518","-0.9930387973563870041","97.5"
"IAT_flowers_chinese.iqx","060417","14:47:00","627215132","495735348","240235","1","0.259880446572128887","0.162764778445086189","0.211322612508607538","92.5"
"IAT_insects_chinese.iqx","060417","20:46:29","380309630","132075648","249765","1","0.3537619489249704818","0.0041793809197902439","0.1789706649223803681","98.3333333333333285964"
"IAT_flowers_chinese.iqx","060417","20:45:10","495705547","406114516","271683","1","-0.5346093107297613667","-0.657996913841580322","-0.5963031122856707889","94.1666666666666714036"
"IAT_insects_chinese.iqx","060417","15:44:40","205768215","400780855","228309","1","-0.0260135941717692769","0.772817780021571199","0.3734020929249009524","92.5"
"IAT_flowers_chinese.iqx","060417","15:44:16","791044348","780160822","187550","1","0.8188065046922405887","0.9037516312040979605","0.8612790679481692191","98.3333333333333285964"
"IAT_flowers_chinese.iqx","060417","20:41:33","810152956","880548285","219332","1","0.001164773158367818","0.3322023548049616304","0.1666835639816647285","90.8333333333333285964"
"IAT_insects_chinese.iqx","060417","20:36:34","948795071","936534540","197738","1","-0.722739623982940893","-0.2813095454202593215","-0.5020245847016000518","93.3333333333333285964"
"IAT_insects_chinese.iqx","060417","20:34:33","181428494","785399514","290635","1","-0.2178750480647707599","-0.1599967258045769114","-0.1889358869346738357","96.6666666666666714036"
"IAT_insects_chinese.iqx","060417","20:31:58","154616245","872755866","231803","1","-0.5687401928629424175","-0.1826132875752843332","-0.3756767402191133476","98.3333333333333285964"
"IAT_flowers_chinese.iqx","060417","20:28:23","962655617","25672302","447678","1","1.051529032321251389","0.3411962162149791977","0.6963626242681153489","89.0756302521008507256"
"IAT_insects_chinese.iqx","060417","12:29:36","664616672","698713139","279533","1","1.0743623087172249342","0.0862115057635302745","0.5802869072403775697","95"
"IAT_flowers_chinese.iqx","060417","15:30:34","887228097","505846479","191050","1","0.9940248023121972532","0.6325494126826672892","0.8132871074974322712","96.6666666666666714036"
"IAT_flowers_chinese.iqx","060417","20:23:55","769080369","868205906","246147","1","0.4405212381308425407","-0.2014064805593191732","0.1195573787857616838","100"
"IAT_insects_chinese.iqx","060417","12:28:00","256123597","920241848","268858","1","-0.1246824576330940182","-0.3955249363944575713","-0.2601036970137757809","95"
"IAT_flowers_chinese.iqx","060417","20:29:04","284566866","30300769","192263","1","-0.3285553779443117217","0.381767696853489269","0.0266061594545887736","95.8333333333333428072"
"IAT_insects_chinese.iqx","060417","14:28:45","265367309","575567236","208668","1","-0.570303025441797784","-0.2586543610110104141","-0.4144786932264040713","96.6666666666666714036"
"IAT_insects_chinese.iqx","060417","20:28:25","604371446","146626409","221928","1","0.3074145095612074718","-0.0481426194773473537","0.1296359450419300452","99.1666666666666714036"
"IAT_flowers_chinese.iqx","060417","15:28:43","182044162","5027230","226946","1","0.599791855211437186","0.8820240771544173297","0.7409079661829272023","93.3333333333333285964"
"IAT_insects_chinese.iqx","060417","14:27:59","930327382","52706880","232198","1","-0.7920444030740954044","-0.7422949928395455865","-0.76716969795682044","90"
"IAT_flowers_chinese.iqx","060417","20:28:24","677591777","298554245","182007","1","1.3444453556719799803","0.7886093137351188886","1.0665273347035495455","99.1666666666666714036"
"IAT_flowers_chinese.iqx","060417","20:27:42","641195027","722134783","223240","1","0.9909555850042314207","0.626413371439315414","0.8086844782217734728","99.1666666666666714036"
"IAT_flowers_chinese.iqx","060417","20:26:37","979890932","839245560","282487","1","0.6556582765052072492","0.2420811141827863555","0.4488696953439967885","97.5"
"IAT_insects_chinese.iqx","060417","20:27:46","776510904","484006725","197610","1","-0.5069989095064586504","-0.2425917763032010566","-0.3747953429048298535","96.6666666666666714036"
"IAT_insects_chinese.iqx","060417","15:27:31","455114621","107177352","204242","1","-0.1099463606202132349","-0.7312739838455276642","-0.4206101722328704495","96.6666666666666714036"
"IAT_flowers_chinese.iqx","060417","20:27:07","311564819","304221558","218442","1","0.9148351747905444364","0.5539017066090710095","0.7343684406998076675","95.8333333333333428072"
"IAT_insects_chinese.iqx","060417","12:26:43","268205895","348493498","232125","1","-1.0657474374851374499","-0.9254925151094883784","-0.9956199762973129141","89.1666666666666714036"
"IAT_insects_chinese.iqx","060417","20:25:46","867396607","847291595","219554","1","0.9036819794048323029","0.6636333609173040715","0.7836576701610682427","97.5"
"IAT_flowers_chinese.iqx","060417","15:25:29","837274324","840495957","238135","1","0.2952282023604719252","0.3314998455595588034","0.3133640239600153921","80.8333333333333285964"
"IAT_flowers_chinese.iqx","060417","20:25:08","517718713","385569976","192557","1","1.2117364498600242673","1.0610125437477520016","1.1363744968038882455","98.3333333333333285964"
"IAT_flowers_chinese.iqx","060417","15:25:21","904483451","772373814","173637","1","1.0850927797195906166","0.4660082426113971166","0.7755505111654938943","92.5"
"IAT_flowers_chinese.iqx","060417","20:23:43","198956067","871757282","230406","1","-0.0437132006961925348","0.1325991770814665405","0.0444429881926370063","98.3333333333333285964"
"IAT_flowers_chinese.iqx","060417","20:24:38","925039195","267939999","166297","1","0.5379117931667820596","0.8197975187091749438","0.6788546559379784462","90.8333333333333285964"
"IAT_insects_chinese.iqx","060417","20:23:12","590321421","286134369","244958","1","-0.427293625939736188","0.1937753579816871574","-0.1167591339790245153","95"
"IAT_insects_chinese.iqx","060417","20:22:39","480282262","378134443","270102","1","0.0329663136639972779","0.0282015094256138112","0.0305839115448055462","94.1666666666666714036"
"IAT_flowers_chinese.iqx","060417","20:22:34","689704003","328183299","272732","1","0.6729947092394900077","0.6096148735558200027","0.6413047913976550607","92.5"
"IAT_flowers_chinese.iqx","060417","20:23:22","705011027","204775815","217146","1","-0.1185617294640343156","0.9228325259994074603","0.4021353982676865724","95"
"IAT_insects_chinese.iqx","060417","15:21:28","755042910","859162083","330352","1","0.7654146464931671501","0.321528338281208026","0.5434714923871876158","97.4789915966386502078"
"IAT_flowers_chinese.iqx","060417","20:25:06","375844458","482572247","211582","1","0.9181053862536819876","1.0127096393314141132","0.9654075127925481059","95.8333333333333428072"
"IAT_insects_chinese.iqx","060417","12:22:52","426569000","811859800","202971","1","-0.1434120074307722592","0.4763558258360372499","0.1664719092026324954","92.5"
"IAT_insects_chinese.iqx","060417","14:22:10","63537318","564915198","216012","1","0.8644043578659200699","-0.400816858704161505","0.2317937495808792825","97.5"
"IAT_flowers_chinese.iqx","060417","12:20:28","389506996","483342603","312017","1","0.66788149213626824","0.556696207032091217","0.6122888495841797285","97.5"
"IAT_flowers_chinese.iqx","060417","20:21:49","479141539","620414856","209809","1","0.2095952339388618968","0.261679453985506405","0.2356373439621841648","85.8333333333333285964"
"IAT_flowers_chinese.iqx","060417","20:21:55","537108713","563938321","204304","1","0.6529005055299955673","0.2041338522874702188","0.4285171789087328653","81.6666666666666714036"
"IAT_flowers_chinese.iqx","060417","20:26:40","613029052","254526889","361956","1","1.0555322733106276001","0.3265306764407719942","0.6910314748756998249","97.4358974358974307961"
"IAT_insects_chinese.iqx","060417","20:18:24","436888456","919374337","372426","1","0.9334659963636170454","0.2819774337140615317","0.6077217150388393163","92.5"
"IAT_insects_chinese.iqx","060417","20:21:25","203701544","858952335","190109","1","0.7610350219098503954","0.9163977979146944453","0.8387164099122723648","97.5"
"IAT_flowers_chinese.iqx","060417","20:19:16","174681585","306377556","296850","1","0.3891904415769616432","-0.1352480929403703236","0.1269711743182956598","99.1666666666666714036"
"IAT_flowers_chinese.iqx","060417","20:20:18","502702267","522265016","236024","1","-0.0930549798228530872","0.3519300154387133839","0.1294375178079301414","96.6666666666666714036"
"IAT_insects_chinese.iqx","060417","13:21:33","934992350","469570529","163320","1","-0.1477206053145692921","-0.1778136394820923061","-0.1627671223983307991","85"
"IAT_insects_chinese.iqx","060417","20:19:28","178711551","666450096","281549","1","-0.348759815058720446","0.3208844299713466963","-0.0139376925436868748","94.1666666666666714036"
"IAT_flowers_chinese.iqx","060417","20:20:13","814046299","837672870","217585","1","-0.0567824307395487504","0.8195111094426340559","0.3813643393515426805","95.8333333333333428072"
"IAT_insects_chinese.iqx","060417","20:20:20","343989429","864018913","214528","1","-0.2268493841620995155","0.2626851560625846349","0.0179178859502425597","97.5"
"IAT_insects_chinese.iqx","060417","20:20:18","325123416","334251702","189556","1","-0.6043032567258662668","-1.0173443064173008921","-0.810823781571583635","85"
"IAT_flowers_chinese.iqx","060417","20:18:27","168185587","459678011","278764","1","0.7970082882034557059","0.5810511839409576718","0.6890297360722066333","89.1666666666666714036"
"IAT_flowers_chinese.iqx","060417","15:17:55","354286018","716155174","266104","1","-0.2248322296591434288","0.1155934188241717203","-0.0546194054174858543","83.3333333333333428072"
"IAT_insects_chinese.iqx","060417","20:18:33","802914543","469494194","218148","1","0.0594063071502555912","-0.1164679965449185728","-0.0285308446973314908","91.6666666666666571928"
"IAT_insects_chinese.iqx","060417","15:19:04","582580255","139447136","187384","1","-0.7552879234910014894","0.3120924731656127271","-0.2215977251626943811","88.3333333333333285964"
"IAT_flowers_chinese.iqx","060417","20:19:30","453635385","145257749","225429","1","0.3150008509129219036","0.5792675067054676719","0.4471341788091948155","98.3333333333333285964"
"IAT_insects_chinese.iqx","060417","15:18:21","855721928","515852736","212156","1","-0.6471348364632503181","-0.2879246703987243805","-0.4675297534309873493","97.5"
"IAT_flowers_chinese.iqx","060417","15:18:51","697604995","731217004","166727","1","0.108123931856716593","0.2517203104012605275","0.1799221211289885602","79.1666666666666571928"
"IAT_flowers_chinese.iqx","060417","20:17:12","346250836","222526036","264339","1","0.8533365187670854946","0.2810577230118906922","0.5671971208894881489","96.6666666666666714036"
"IAT_insects_chinese.iqx","060417","15:17:46","505304615","93588520","234064","1","0.036781521141628179","0.8031972954664360342","0.4199894083040320858","96.6666666666666714036"
"IAT_flowers_chinese.iqx","060417","20:17:40","877509404","499366255","213685","1","0.6451479794503621745","1.0000993843876480049","0.8226236819190051452","97.5"
"IAT_insects_chinese.iqx","060417","20:16:24","595534358","54145913","286214","1","0.7013699558320022343","0.8528145483713316377","0.7770922521016669915","100"
"IAT_flowers_chinese.iqx","060417","20:17:22","627691626","133317836","184616","1","-0.4300664185871104772","0.1944568623655706929","-0.1178047781107698921","93.3333333333333285964"
"IAT_flowers_chinese.iqx","060417","15:16:04","441839737","111883285","244453","1","0.5695738201981124238","0.9043805858533364717","0.7369772030257244477","99.1666666666666714036"
"IAT_flowers_chinese.iqx","060417","20:15:14","224946265","855189774","288451","1","1.4187016829177998556","0.7484863670894930099","1.0835940250036464327","99.1666666666666714036"
"IAT_insects_chinese.iqx","060417","20:16:37","995653998","581739212","199087","1","-1.2718350083683320761","-0.6381186091230882651","-0.9549768087457102261","92.5"
"IAT_insects_chinese.iqx","060417","14:16:17","511794391","86509825","208292","1","0.4274360836913482786","0.8099037319918266364","0.6186699078415874853","94.1666666666666714036"
"IAT_flowers_chinese.iqx","060417","20:16:32","917032107","922135670","186912","1","-0.1628504000020485343","-0.7458804192332459948","-0.454365409617647209","100"
"IAT_flowers_chinese.iqx","060417","14:15:40","467840940","93538017","243182","1","0.626120005126693413","1.0469985160646744227","0.8365592605956839733","88.3333333333333285964"
"IAT_flowers_chinese.iqx","060417","20:16:48","727211900","139170164","161154","1","0.5108019598558477536","0.5313515406761262216","0.5210767502659869876","94.1666666666666714036"
"IAT_insects_chinese.iqx","060417","20:15:07","525901279","35477679","260290","1","0.5619504844899714247","0.4296699843075583169","0.4958102343987648708","100"
"IAT_flowers_chinese.iqx","060417","20:14:55","210594139","740219603","266584","1","0.0844139397601699065","0.5495991987159193348","0.3170065692380445999","97.5"
"IAT_insects_chinese.iqx","060417","15:16:39","639261157","327566851","165858","1","-0.5044241383071182971","-0.756710272128126471","-0.6305672052176223286","95.8333333333333428072"
"IAT_flowers_chinese.iqx","060417","20:15:37","384021627","864418781","211749","1","1.1288306750228269681","0.8089526780400879691","0.9688916765314574686","90"
"IAT_insects_chinese.iqx","060417","20:15:52","157097151","525359250","182718","1","0.3902956061120253506","-0.225800346908422267","0.0822476296018015557","86.6666666666666714036"
"IAT_flowers_chinese.iqx","060417","20:15:04","692061908","166943715","223174","1","0.505892140514008215","0.7797974062657179184","0.6428447733898630112","95.8333333333333428072"
"IAT_insects_chinese.iqx","060417","15:15:04","723727534","142934024","184572","1","0.6000833166783757777","0.385421039350023642","0.4927521780141996821","95.8333333333333428072"
"IAT_insects_chinese.iqx","060417","15:14:11","830086199","124280417","226348","1","0.7059519795926781915","0.7296628136107123908","0.7178073966016953467","87.5"
"IAT_insects_chinese.iqx","060417","20:12:34","975540768","470359856","291521","1","0.6725387381232620365","0.7021423124997187015","0.687340525311490369","90.8333333333333285964"
"IAT_insects_chinese.iqx","060417","20:13:25","731323152","233334566","237972","1","1.1865395284242759022","-0.1710710748856431596","0.5077342267693163436","97.5"
"IAT_flowers_chinese.iqx","060417","15:13:34","465932169","87790853","222226","1","0.8082535805487834901","1.0149745116830855007","0.9116140461159345509","90.8333333333333285964"
"IAT_insects_chinese.iqx","060417","20:13:47","936709686","522832167","197345","1","0.666789476217770849","0.4264153735092511832","0.5466024248635110716","94.1666666666666714036"
"IAT_insects_chinese.iqx","060417","14:13:32","67252295","690118983","202685","1","0.4710793005241344367","-0.0696233503485922528","0.2007279750877710989","95.8333333333333428072"
"IAT_insects_chinese.iqx","060417","20:14:00","479262982","88304016","202395","1","0.4872038486605721475","-0.8872360530652195765","-0.2000161022023237145","100"
"IAT_insects_chinese.iqx","060417","20:12:37","881765166","632975772","245720","1","-0.1259425790547992752","-0.4000018436270524336","-0.2629722113409258544","95"
"IAT_insects_chinese.iqx","060417","15:12:26","201457349","847352554","239672","1","-0.1956965070197638212","-0.4074735453649818706","-0.3015850261923728182","98.3333333333333285964"
"IAT_flowers_chinese.iqx","060417","21:13:15","120598492","636772786","173625","1","0.0205140884906787196","0.5463100695546179164","0.2834120790226483111","72.5"
"IAT_insects_chinese.iqx","060417","15:12:10","470524118","97042880","229804","1","0.0506758783957626871","0.5657210803816207223","0.3081984793886917151","96.6666666666666714036"
"IAT_flowers_chinese.iqx","060417","20:12:09","791693979","478246340","211998","1","0.6563667985540412309","0.6963639281264233372","0.6763653633402322285","97.5"
"IAT_flowers_chinese.iqx","060417","13:12:20","956506538","113617894","203978","1","0.5187231791949852289","0.4837141935926143055","0.5012186863937997394","86.6666666666666714036"
"IAT_insects_chinese.iqx","060417","20:12:12","193072512","855737391","192217","1","0.135420609701437461","0.1052609067787119157","0.1203407582400746884","95"
"IAT_flowers_chinese.iqx","060417","15:11:35","525584548","41982450","187142","1","0.5685899354296234387","0.7002105691251672148","0.6344002522773952712","90"
"IAT_insects_chinese.iqx","060417","15:10:53","721828208","685493879","225164","1","-0.1462315724483390089","0.1461575205342124928","-0.0000370259570632581","99.1666666666666714036"
"IAT_flowers_chinese.iqx","060417","12:10:17","868195884","12713185","199054","1","1.1588947144280492552","0.865643007354976346","1.0122688608915129116","90.8333333333333285964"
"IAT_flowers_chinese.iqx","060417","19:01:42","404567924","413099954","254467","1","0.7160094539920955903","0.3632961490376506175","0.5396528015148731594","99.1666666666666714036"
"IAT_insects_chinese.iqx","060417","18:58:09","816327807","272053086","177663","1","-0.3013544941137287214","0.2932398867728481795","-0.004057303670440271","71.6666666666666714036"
"IAT_insects_chinese.iqx","060417","10:30:35","730529271","232950611","269551","1","0.4597414066280761658","0.5607037740602976994","0.5102225903441869326","85"
"IAT_flowers_chinese.iqx","060417","18:29:05","904468731","454924036","253269","1","0.6604937781658403173","0.7334860555284441475","0.6969899168471422879","99.1666666666666714036"
"IAT_insects_chinese.iqx","060517","05:28:33","590930150","52245320","278867","1","-0.2758198855852665443","0.1906655617936122149","-0.0425771618958271647","93.3333333333333285964"
"IAT_insects_chinese.iqx","060417","18:27:59","734862087","668038714","268926","1","-0.3739315776979705852","-0.3048912884345019725","-0.3394114330662362788","97.5"
"IAT_insects_chinese.iqx","060417","18:28:56","643586926","999588530","199198","1","0.128709362475983552","-1.0612143861736851314","-0.4662525118488508036","94.1666666666666714036"
"IAT_flowers_chinese.iqx","060417","13:27:37","935803641","741642542","224801","1","0.9452566571677954999","0.6882937754846807366","0.8167752163262380627","94.1666666666666714036"
"IAT_flowers_chinese.iqx","060417","13:27:45","696528380","538068053","194973","1","0.5363459604546466641","0.1057840015000586775","0.3210649809773526986","73.3333333333333285964"
"IAT_flowers_chinese.iqx","060417","18:18:40","965528916","481066033","192011","1","0.6558125817430050519","0.9022756494099440916","0.7790441155764745718","99.1666666666666714036"
"IAT_flowers_chinese.iqx","060417","10:16:10","408386889","931861639","279906","1","1.1142137920686479013","0.9923372144402970996","1.0532755032544725005","95"
"IAT_insects_chinese.iqx","060417","13:16:58","218637285","458219993","170650","1","0.0487483463317265192","0.4369438344455758294","0.2428460903886511812","87.5"
"IAT_flowers_chinese.iqx","060417","18:11:25","309180579","535981069","200666","1","0.3897295567524944881","0.871743597898908984","0.6307365773257017638","86.6666666666666714036"
"IAT_flowers_chinese.iqx","060417","18:11:09","726054730","56454644","184812","1","1.193881465192074609","0.4823794665851080521","0.8381304658885913028","90"
"IAT_insects_chinese.iqx","060417","12:11:29","860747495","460841036","151342","1","0.0191292769288258432","-0.214887712562282257","-0.0978792178167282034","80.8333333333333285964"
"IAT_flowers_chinese.iqx","060417","18:10:21","472908497","677535751","205604","1","0.7135117157306799518","0.7076731364096280341","0.7105924260701539374","94.1666666666666714036"
"IAT_insects_chinese.iqx","060417","12:10:56","725110134","225703608","165190","1","-0.2248713082336243341","-0.3631720577066934186","-0.2940216829701588486","92.5"
"IAT_insects_chinese.iqx","060417","18:10:44","566998704","144024626","172018","1","0.1337029729791990307","0.1159605661296317369","0.1248317695544153838","90.8333333333333285964"
"IAT_flowers_chinese.iqx","060417","18:10:32","851132882","470455649","174095","1","0.6296200322751718259","0.5401861217229729784","0.5849030769990724021","97.5"
"IAT_insects_chinese.iqx","060417","18:10:18","443727950","33498824","187941","1","0.2630379244364340896","-0.2595983505353024468","0.0017197869505658121","92.5"
"IAT_flowers_chinese.iqx","060417","18:03:06","669753946","123170571","200334","1","-0.0002507825856464203","0.7178988852875015647","0.3588240513509275975","84.1666666666666714036"
"IAT_flowers_chinese.iqx","060417","18:01:08","7452244","533015721","203522","1","1.2079028396244895216","0.5670292573741221309","0.8874660484993057707","85.8333333333333285964"
"IAT_insects_chinese.iqx","060417","09:57:02","559287318","927187981","213604","1","0.8738246457863583228","0.3053432139317756588","0.5895839298590670463","95"
"IAT_flowers_chinese.iqx","060417","17:55:43","610474241","519059014","209654","1","-0.0242374572359419227","0.1482800084745916347","0.0620212756193248629","93.3333333333333285964"
"IAT_flowers_chinese.iqx","060417","17:47:34","667910505","252166020","169854","1","0.3409934209162763241","0.4930405275372867213","0.4170169742267815227","93.3333333333333285964"
"IAT_flowers_chinese.iqx","060417","17:44:15","379985411","348247922","196459","1","0.6821576823462511818","0.5506210460065169565","0.6163893641763840137","95.8333333333333428072"
"IAT_flowers_chinese.iqx","060417","17:33:39","519411578","674436028","192569","1","-0.1481777364823355647","0.072902338352517998","-0.0376376990649087834","85"
"IAT_flowers_chinese.iqx","060417","09:33:10","466011057","927063519","168216","1","0.3647385399785661453","0.2128030974408526566","0.288770818709709387","92.5"
"IAT_insects_chinese.iqx","060417","09:30:41","661359128","36998062","270558","1","0.0915065889952865336","-0.1334151204235282662","-0.0209542657141208663","95.8333333333333428072"
"IAT_insects_chinese.iqx","060417","12:31:37","311429558","395576020","189448","1","0.3444848018933832079","0.3602271435575373215","0.3523559727254602647","93.3333333333333285964"
"IAT_flowers_chinese.iqx","060417","09:30:51","968803153","340119238","156571","1","-0.0879808513253776125","-0.0295546447610601434","-0.0587677480432188815","87.5"
"IAT_flowers_chinese.iqx","060417","12:29:01","712192411","248447557","177956","1","0.4811053703418821104","0.653938756527295606","0.5675220634345888859","90.8333333333333285964"
"IAT_insects_chinese.iqx","060417","17:23:03","887407686","863775539","254038","1","0.0466326860745006899","-0.2201929425734538148","-0.0867801282494765625","94.1666666666666714036"
"IAT_flowers_chinese.iqx","060417","09:22:10","436062537","673632885","174401","1","0.5001347962544993031","0.3570880683649909071","0.4286114323097450773","89.1666666666666714036"
"IAT_flowers_chinese.iqx","060417","17:21:26","539496194","488402716","195435","1","0.4684685895664528754","-0.2620523442948447523","0.1032081226358040615","90"
"IAT_flowers_chinese.iqx","060417","12:19:52","326986137","960447575","187005","1","0.7776000082792579038","0.0002389956564401038","0.3889195019678490239","87.5"
"IAT_insects_chinese.iqx","060417","17:18:56","658267614","91148870","238678","1","-0.8485796266215973604","0.0913094875980248744","-0.3786350695117862708","88.3333333333333285964"
"IAT_flowers_chinese.iqx","060417","17:17:37","382197689","899819852","221873","1","0.8828681190185689864","0.1336570287015187708","0.5082625738600439202","97.5"
"IAT_insects_chinese.iqx","060417","17:16:58","440605742","911720008","214562","1","0.5341854934278186251","-0.4824866331213858994","0.0258494301532163628","97.5"
"IAT_flowers_chinese.iqx","060417","12:15:02","558276196","551419226","243073","1","0.5250463772334748036","0.9203265592165780218","0.7226864682250264682","97.5"
"IAT_flowers_chinese.iqx","060417","09:13:38","436062537","673632885","191363","1","0.8307035333730470317","0.3127026146391502226","0.5717030740060986549","96.6666666666666714036"
"IAT_flowers_chinese.iqx","060417","17:13:00","704954946","710023077","204121","1","-0.0775013524214398369","0.6381785876667723789","0.2803386176226662641","94.1666666666666714036"
"IAT_insects_chinese.iqx","060417","17:12:39","715227398","868054992","194706","1","0.1224187035293432951","0.1162626104831374213","0.1193406570062403582","91.6666666666666571928"
"IAT_flowers_chinese.iqx","060417","11:11:27","180832546","937107730","239549","1","-0.4872762790321906734","0.1781497276629397664","-0.1545632756846254674","88.3333333333333285964"
"IAT_insects_chinese.iqx","060417","17:10:35","84624829","865011078","225310","1","-0.1596933257331285549","0.4850582307297998663","0.1626824524983356557","96.6666666666666714036"
"IAT_flowers_chinese.iqx","060417","09:06:18","427445931","807161732","330524","1","0.5281936270240955578","-0.1224454977566858394","0.2028740646337048592","85"
"IAT_insects_chinese.iqx","060417","17:08:02","167445344","921339084","217768","1","0.629832716951427396","0.064884808894332402","0.3473587629228799267","96.6666666666666714036"
"IAT_insects_chinese.iqx","060417","17:05:14","775697061","320154384","375194","1","-0.1424919174024670554","-0.7791277949602675168","-0.4608098561813672722","92.5"
"IAT_insects_chinese.iqx","060417","11:07:37","388918415","110502596","229085","1","0.7239937215300671358","0.1042604920181861017","0.4141271067741266187","97.5"
"IAT_flowers_chinese.iqx","060417","17:06:55","90893394","660991506","189209","1","0.7794724687564323906","1.3169254642041370307","1.0481989664802846551","99.1666666666666714036"
"IAT_insects_chinese.iqx","060417","17:06:52","966841341","402966569","196268","1","0.1409657630401379702","0.3691381148397073764","0.2550519389399226733","98.3333333333333285964"
"IAT_flowers_chinese.iqx","060417","17:04:17","211206188","117379898","276189","1","0.6068531966766020913","0.0851770400997072241","0.3460151183881546855","96.6666666666666714036"
"IAT_insects_chinese.iqx","060417","12:05:16","830000830","545995120","214160","1","-0.1790820578300736932","-0.5359473963980850852","-0.3575147271140793892","95.8333333333333428072"
"IAT_insects_chinese.iqx","060417","10:04:07","51670134","144533158","259168","1","-0.122179707246601682","0.1110748849199599958","-0.0055524111633208431","100"
"IAT_insects_chinese.iqx","060417","11:10:00","426797854","970698008","261296","1","-0.6359169342218445875","-0.473900821385010329","-0.5549088778034274583","95.8333333333333428072"
"IAT_flowers_chinese.iqx","060417","17:08:19","326503556","350353723","218090","1","0.5597202816017281535","0.4247098987516387258","0.4922150901766834119","95"
"IAT_flowers_chinese.iqx","060417","17:03:38","925850409","555797638","221059","1","0.3003552457156982158","0.3504763484294121656","0.3254157970725551907","98.3333333333333285964"
"IAT_flowers_chinese.iqx","060417","16:57:29","924170369","80461874","579612","1","0.0044276090719621445","0.4789986499044968649","0.2417131294882295112","90.6779661016949205532"
"IAT_flowers_chinese.iqx","060417","17:02:47","326682899","71707358","244067","1","0.0183113854466788462","0.1135735552219811345","0.0659424703343299834","98.3333333333333285964"
"IAT_flowers_chinese.iqx","060417","17:03:19","918041619","457954331","192573","1","0.6669501707170899518","0.5752650091365226759","0.6211075899268063694","100"
"IAT_flowers_chinese.iqx","060417","17:02:48","753273572","902672700","217854","1","1.2814055102653973961","0.763070471500705394","1.0222379908830514506","97.5"
"IAT_flowers_chinese.iqx","060417","17:02:54","971838156","615461986","236723","1","0.7723659629420782657","0.1647256791486458039","0.4685458210453620209","95"
"IAT_flowers_chinese.iqx","060417","17:02:01","104576018","371472919","255275","1","1.2746677867087643499","1.214286682598871181","1.2444772346538177654","100"
"IAT_flowers_chinese.iqx","060417","17:01:59","609462283","572028607","234267","1","0.8848855001112880814","0.6728353501601356257","0.7788604251357118535","94.1666666666666714036"
"IAT_insects_chinese.iqx","060417","17:03:05","285512685","877597703","196382","1","0.3077323448076432211","0.5173886970320284995","0.4125605209198358603","95.8333333333333428072"
"IAT_insects_chinese.iqx","060417","17:00:15","170624215","442123460","327738","1","0.4148253179907132604","-0.0654989293591186073","0.1746631943157973266","95"
"IAT_insects_chinese.iqx","060417","11:02:12","375743512","22665378","180338","1","0.1797083816909780529","-0.4002726398077650072","-0.1102821290583934771","76.6666666666666714036"
"IAT_insects_chinese.iqx","060417","16:53:25","485285880","6373787","685893","1","0.9369733055773684649","0.3596748293184999778","0.6483240674479342491","95.8333333333333428072"
"IAT_insects_chinese.iqx","060417","17:00:27","356154222","356450479","263938","1","0.0486583690387477966","0.6204939959332373967","0.3345761824859925793","84.7457627118644012398"
"IAT_flowers_chinese.iqx","060417","12:00:53","651693740","193479138","229775","1","0.5634875622234639669","-0.3059026992612441376","0.1287924314811099147","100"
"IAT_insects_chinese.iqx","060417","17:00:06","288591512","118915971","248027","1","-0.3133925682904538101","0.4398754417683722884","0.0632414367389592391","95.8333333333333428072"
"IAT_insects_chinese.iqx","060417","17:00:51","955735831","215030493","180460","1","-0.2446561661182556913","0.4606470375013456131","0.1079954356915449609","95.8333333333333428072"
"IAT_flowers_chinese.iqx","060417","17:00:58","805218689","60265033","169673","1","-1.0463677217128228847","-1.3162451518630431391","-1.1813064367879331229","62.5"
"IAT_flowers_chinese.iqx","060417","17:00:09","305063059","102444424","221925","1","0.4812939353053299341","-0.4332195957835757727","0.0240371697608770807","97.5"
"IAT_flowers_chinese.iqx","060417","16:59:04","133708202","237866475","274892","1","0.5774577946993660893","0.8739820196523601092","0.7257199071758630993","98.3333333333333285964"
"IAT_insects_chinese.iqx","060417","12:59:00","965231752","871096110","269112","1","-1.0387466355743875113","-1.0620010024310178043","-1.0503738190027025468","94.1666666666666714036"
"IAT_insects_chinese.iqx","060417","11:59:20","803804784","948069336","241532","1","-0.6992148744615657163","-1.0318665256009891262","-0.8655407000312773658","96.6666666666666714036"
"IAT_insects_chinese.iqx","060417","16:58:58","643737462","201435417","245256","1","0.801280403618604864","0.6003220183489914596","0.7008012109837982173","95"
"IAT_insects_chinese.iqx","060417","16:59:44","106171559","35438930","186951","1","0.5007462005376602798","-0.152449323357344263","0.1741484385901579945","97.5"
"IAT_insects_chinese.iqx","060417","09:59:33","458687872","692047167","191663","1","0.5362495762370352859","0.5698795121641079264","0.5530645442005716061","86.6666666666666714036"
"IAT_flowers_chinese.iqx","060417","16:58:42","293041979","975720504","220270","1","0.861099539035966699","0.1208128094238783146","0.4909561742299224929","94.1666666666666714036"
"IAT_insects_chinese.iqx","060417","16:58:29","916633997","16802993","206302","1","0.9961579114879614005","0.9447041642132271155","0.970431037850594258","95"
"IAT_flowers_chinese.iqx","060417","11:58:28","232519460","855589275","210450","1","1.1569078892131323677","0.8580625565698781765","1.0074852228915052166","94.1666666666666714036"
"IAT_insects_chinese.iqx","060417","16:58:05","824353542","874716593","222215","1","0.1734706555124994332","0.5917175582158465952","0.3825941068641730003","98.3333333333333285964"
"IAT_flowers_chinese.iqx","060417","22:58:04","41751691","931554416","196447","1","-0.4219460594401647224","0.0953680404371231027","-0.1632890095015208098","92.5"
"IAT_flowers_chinese.iqx","060417","16:50:57","856163418","597796677","620936","1","0.934088678541723505","0.9015491188267956701","0.9178188986842595876","96.6666666666666714036"
"IAT_insects_chinese.iqx","060417","16:57:52","541895384","869871165","190582","1","0.4331393095772329005","0.3519551892585575659","0.3925472494178952054","80"
"IAT_insects_chinese.iqx","060417","16:57:12","635928974","230732585","217037","1","0.6372799947731434544","0.5895431447544406955","0.613411569763792075","99.1666666666666714036"
"IAT_insects_chinese.iqx","060417","10:57:28","778213246","218359527","203179","1","0.7484435073016081352","0.6705485931944725753","0.7094960502480402997","92.5"
"IAT_insects_chinese.iqx","060417","16:57:13","202818504","884973471","206697","1","0.3006354741529352337","1.0219220728026494616","0.6612787734777922921","95"
"IAT_flowers_chinese.iqx","060417","16:56:50","108362546","1332888","211423","1","0.0760825502645692126","-0.1301114576952785151","-0.0270144537153546513","93.3333333333333285964"
"IAT_insects_chinese.iqx","060417","16:55:43","153953040","110202787","266726","1","-1.1918815975948864327","-0.317344614828324656","-0.7546131062116054888","95.8333333333333428072"
"IAT_insects_chinese.iqx","060417","11:55:59","689885672","627685109","232187","1","0.5760383147291129324","0.6093736759451069407","0.592705995337109881","88.3333333333333285964"
"IAT_flowers_chinese.iqx","060417","16:54:10","557194628","996819172","333376","1","0.6288028006229029465","0.1768245390735693756","0.4028136698482361888","100"
"IAT_insects_chinese.iqx","060417","11:56:31","568262582","581003830","188299","1","0.0079086603529084781","0.0680385538137095458","0.037973607083309012","95.8333333333333428072"
"IAT_flowers_chinese.iqx","060417","16:55:52","319438603","768942290","217985","1","0.7274878760885272744","0.839421623598958111","0.7834547498437427482","96.6666666666666714036"
"IAT_insects_chinese.iqx","060417","16:55:36","521896519","63741557","221274","1","0.5583474961372167922","0.081495160963538732","0.3199213285503777482","95"
"IAT_insects_chinese.iqx","060417","16:55:00","295535480","248764852","239692","1","-0.4716339940035667588","-1.1045495983836253195","-0.7880917961935960392","96.6666666666666714036"
"IAT_insects_chinese.iqx","060417","16:55:27","925534871","839895865","192123","1","0.4419334631574332595","0.4171928938322968516","0.4295631784948650278","94.1666666666666714036"
"IAT_insects_chinese.iqx","060417","11:45:57","477099693","779585569","744637","1","-0.6224503285658630203","-0.2790641328105726293","-0.4507572306882178248","93.3333333333333285964"
"IAT_insects_chinese.iqx","060417","16:53:23","840137840","719765141","286056","1","0.5314012387098413503","0.3127450528191272894","0.4220731457644842921","90.7563025210084077798"
"IAT_flowers_chinese.iqx","060417","10:54:38","529778266","59139213","210524","1","0.8438527226469678677","0.4242861994374373946","0.6340694610422026312","90.8333333333333285964"
"IAT_flowers_chinese.iqx","060417","16:53:46","457060596","329590569","241323","1","0.9320894602454687927","1.0663991983046088308","0.9992443292750388117","95"
"IAT_insects_chinese.iqx","060417","10:54:33","819771406","985230320","176574","1","-0.3016396918847792374","-0.6326665919681258021","-0.4671531419264525198","87.5"
"IAT_insects_chinese.iqx","060417","16:54:19","578969310","6389272","184103","1","-0.823072111303863041","-0.715511530932973816","-0.7692918211184184285","90"
"IAT_insects_chinese.iqx","060417","16:53:58","586906512","536632885","202063","1","-0.1522422591783569312","0.3782940908663355861","0.1130259158439893136","97.5"
"IAT_insects_chinese.iqx","060417","11:53:40","395566549","684878915","223395","1","-0.39386066181472279","0.0756524445870916662","-0.1591041086138155758","97.5"
"IAT_insects_chinese.iqx","060417","21:37:40","408698055","449129732","259829","1","-0.6143410802755663314","-0.1910843795895724728","-0.4027127299325694021","75"
"IAT_insects_chinese.iqx","060417","16:54:48","721351104","137963942","182418","1","-0.2912170070551904355","0.6740863220619389695","0.191434657503374267","96.6666666666666714036"
"IAT_insects_chinese.iqx","060417","10:53:44","174923111","209317706","199030","1","0.098198539130660345","-0.5896546862583139648","-0.2457280735638268099","92.5"
"IAT_flowers_chinese.iqx","060417","16:53:32","382308651","188907763","207052","1","0.9364724722344182073","0.9832889421426665999","0.9598807071885424591","99.1666666666666714036"
"IAT_insects_chinese.iqx","060417","16:52:37","442964686","475065590","256273","1","-0.3935971494300087858","-0.4616738056522768363","-0.4276354775411428388","88.3333333333333285964"
"IAT_insects_chinese.iqx","060417","11:52:58","144675135","26091201","217770","1","-0.3489302322886103092","0.5034297108006026145","0.0772497392559961527","90.8333333333333285964"
"IAT_insects_chinese.iqx","060417","16:51:55","835823933","399361418","264927","1","0.6276101853446410805","0.4611767602085387052","0.5443934727765898929","98.3333333333333285964"
"IAT_insects_chinese.iqx","060417","10:52:47","714016607","246623360","212665","1","0.2505736536625275956","-0.1536468442534838497","0.048463404704521873","90"
"IAT_insects_chinese.iqx","060417","16:52:51","401854638","169063648","203163","1","0.4905430021668645835","-0.0410285385056204793","0.2247572318306220451","98.3333333333333285964"
"IAT_insects_chinese.iqx","060417","16:52:24","706706144","979988578","223178","1","0.1760543712291584295","-0.6208157629668931143","-0.2223806958688673285","91.6666666666666571928"
"IAT_insects_chinese.iqx","060417","16:53:24","766813261","679087363","228048","1","0.6951893457676144861","0.3510387728344172009","0.5231140593010158435","88.3333333333333285964"
"IAT_flowers_chinese.iqx","060417","11:52:54","396106905","684618053","177692","1","0.4796810286586694616","0.1472375785088549105","0.3134593035837621722","95"
"IAT_flowers_chinese.iqx","060417","11:48:08","824485211","751326627","441337","1","0.952353120007791043","0.1136967071883079328","0.5330249135980494879","90.8333333333333285964"
"IAT_flowers_chinese.iqx","060517","00:50:35","58930068","29152710","199804","1","0.892585428192965713","-0.5142330029447498285","0.1891762126241079423","93.3333333333333285964"
"IAT_insects_chinese.iqx","060417","16:52:23","418126935","500182835","168861","1","-0.0331482615427578925","-0.0631025950139267322","-0.0481254282783423123","96.6666666666666714036"
"IAT_insects_chinese.iqx","060417","16:51:35","302261407","268955007","226253","1","-0.3520520742541900505","0.1240836744632466265","-0.1139841998954717051","99.1666666666666714036"
"IAT_flowers_chinese.iqx","060417","16:50:51","590338572","901321083","262726","1","-0.1000068158045895744","0.4916374700304345646","0.1958153271129224882","99.1666666666666714036"
"IAT_flowers_chinese.iqx","060417","09:51:03","89836482","135224529","235398","1","0.7335786323237847295","0.1354254317630534943","0.4345020320434190841","97.5"
"IAT_insects_chinese.iqx","060417","16:51:41","457149023","505741942","201280","1","-0.2835526734671187099","0.297432342088356505","0.0069398343106188976","100"
"IAT_insects_chinese.iqx","060417","10:51:33","519814293","493662954","182015","1","-0.3752409016443967738","-0.6336035051740050994","-0.5044222034092009643","89.1666666666666714036"
"IAT_insects_chinese.iqx","060417","16:49:31","126354750","670122640","289656","1","0.6906222889353549332","0.1513174026258366778","0.4209698457805958194","99.1666666666666714036"
"IAT_insects_chinese.iqx","060417","16:50:31","655201462","663260259","207131","1","0.0553540295001049149","-0.1911509926391889436","-0.0678984815695420074","89.1666666666666714036"
"IAT_insects_chinese.iqx","060417","16:50:37","972422245","568045707","191672","1","0.4272716334331968513","0.3918677758784452347","0.409569704655821043","93.3333333333333285964"
"IAT_insects_chinese.iqx","060417","11:49:21","132037807","664719079","261892","1","0.2739453130593589858","-0.355347504095241129","-0.0407010955179410716","85.8333333333333285964"
"IAT_insects_chinese.iqx","060417","16:48:06","986088085","933988427","322394","1","0.2063646252309581375","0.2003760666444708294","0.2033703459377144696","98.3333333333333285964"
"IAT_insects_chinese.iqx","060417","16:49:28","342463773","921692041","234435","1","-0.3094133468126294972","-0.6470013087703601062","-0.478207327791494774","94.1666666666666714036"
"IAT_flowers_chinese.iqx","060417","16:49:41","711291211","177862713","206194","1","0.8505335761561048091","0.7452656498403678054","0.7978996129982363072","81.6666666666666714036"
"IAT_insects_chinese.iqx","060417","11:48:57","696533806","812019091","246920","1","-0.5845769432530850684","-0.2207644428965849226","-0.4026706930748349955","84.1666666666666714036"
"IAT_flowers_chinese.iqx","060417","16:49:44","691104660","132568307","199457","1","0.4561134254495797236","0.7786650136933246369","0.617389219571452208","98.3333333333333285964"
"IAT_insects_chinese.iqx","060417","16:49:23","682614976","825937920","217678","1","-0.4445372458354127643","-0.1115743717229827625","-0.2780558087791977773","83.3333333333333428072"
"IAT_flowers_chinese.iqx","060417","12:48:43","124933051","987118043","254210","1","0.3460863871385596591","0.4659644085330393315","0.4060253978357994953","94.1666666666666714036"
"IAT_insects_chinese.iqx","060417","09:48:41","651600877","782924188","251447","1","-0.1377553533151919529","0.3751375579801036753","0.1186911023324558612","94.1666666666666714036"
"IAT_flowers_chinese.iqx","060417","16:49:22","290514193","713838556","203947","1","0.3946172860243469249","0.5197694297070116765","0.4571933578656792729","96.6666666666666714036"
"IAT_insects_chinese.iqx","060417","16:50:23","939925246","431660649","186045","1","0.6998422799959675977","0.2668675986811600009","0.4833549393385637716","98.3333333333333285964"
"IAT_flowers_chinese.iqx","060417","16:48:27","701531034","776284644","228110","1","0.2086789172387599478","-0.3092324468227461431","-0.0502767647919930977","100"
"IAT_flowers_chinese.iqx","060417","16:49:33","220631899","713997601","161634","1","0.0942659219677636634","0.126464396989911021","0.1103651594788373491","91.6666666666666571928"
"IAT_flowers_chinese.iqx","060417","16:48:02","445154297","559074412","248290","1","-0.3383205891899819795","-0.2599842948840887513","-0.2991524420370353932","97.5"
"IAT_flowers_chinese.iqx","060417","16:49:20","244636852","857402634","165423","1","1.30774527551024633","0.2218804341897429588","0.7648128548499946167","51.6666666666666714036"
"IAT_insects_chinese.iqx","060417","16:48:10","260616773","50785345","215284","1","0.240413490972724242","0.4730134664672413503","0.3567134787199828239","95"
"IAT_insects_chinese.iqx","060417","16:45:54","705822824","728404114","353441","1","-0.1350672115005754348","-0.7500284105659648093","-0.442547811033270122","86.6666666666666714036"
"IAT_flowers_chinese.iqx","060417","16:48:23","94271740","320134009","192740","1","1.2300424266334615275","1.0867686801038336508","1.1584055533686474782","95.8333333333333428072"
"IAT_flowers_chinese.iqx","060417","11:47:46","116203603","842669610","223295","1","0.2464059080810388491","0.4763239986584014152","0.3613649533697201321","94.1666666666666714036"
"IAT_flowers_chinese.iqx","060417","11:49:00","168502242","728035459","181648","1","0.8767380050808695202","0.9657269258499230347","0.9212324654653962774","88.3333333333333285964"
"IAT_insects_chinese.iqx","060417","11:48:26","263374453","48307159","173271","1","-0.1548417016770388677","0.1722622805705004145","0.0087102894467307734","93.3333333333333285964"
"IAT_flowers_chinese.iqx","060417","16:41:48","40530475","224214270","562723","1","0.7154228231165963292","0.4736011061696498992","0.5945119646431231697","97.4789915966386502078"
"IAT_flowers_chinese.iqx","060417","16:47:57","932514700","18299042","192406","1","0.0222653735640391988","-0.2279108749142534085","-0.1028227506751070996","92.5"
"IAT_insects_chinese.iqx","060417","16:45:54","792537247","325403028","313863","1","-0.5363190511357909251","-0.5205643977907168374","-0.5284417244632538813","85"
"IAT_flowers_chinese.iqx","060417","16:46:48","584142627","443458155","233961","1","1.2840137125631039261","0.9287918124527347885","1.1064027625079193573","96.6666666666666714036"
"IAT_insects_chinese.iqx","060417","16:46:55","641536845","119483849","264131","1","0.276774109355907072","0.5866265950825864106","0.4317003522192467413","97.5"
"IAT_flowers_chinese.iqx","060417","16:47:24","257017186","136348193","196505","1","0.892308129787587001","0.720858290416060199","0.8065832101018235445","95"
"IAT_flowers_chinese.iqx","060417","16:47:28","634653356","191259376","218636","1","0.7239116918939518808","0.5959468166462391636","0.6599292542700955222","95"
"IAT_insects_chinese.iqx","060417","16:46:03","770055398","675845226","263597","1","0.2536614624787541517","0.1227641189548299566","0.1882127907167920611","87.5"
"IAT_insects_chinese.iqx","060417","16:47:00","404453421","108520775","205582","1","0.0588493694278789045","0.5779030278703890522","0.3183761986491339679","98.3333333333333285964"
"IAT_insects_chinese.iqx","060417","10:47:34","60750413","164608725","207277","1","0.1705809993070208364","0.5458131243291766133","0.3581970618180987387","90"
"IAT_flowers_chinese.iqx","060417","11:46:00","821226337","433692170","251347","1","0.4836568449081568577","-0.380857282575643219","0.0513997811662568194","96.6666666666666714036"
"IAT_flowers_chinese.iqx","060417","11:47:24","252746017","11409811","184389","1","0.3227871107493060499","0.6085339303006720435","0.4656605205249890744","92.5"
"IAT_flowers_chinese.iqx","060417","08:45:13","871493385","565573467","310304","1","0.6800713280312007392","0.3961139281920339483","0.5380926281116173993","86.6666666666666714036"
"IAT_flowers_chinese.iqx","060417","16:46:39","770982324","663244614","221904","1","-0.0810549298121927553","-0.0160537928836434682","-0.0485543613479181152","100"
"IAT_flowers_chinese.iqx","060417","16:46:43","61929977","26171434","202715","1","0.0589471798161229701","0.3111335461834570104","0.1850403629997899868","97.5"
"IAT_flowers_chinese.iqx","060417","16:45:53","839077610","775444143","227189","1","1.0315627094555628318","1.1153944716047425878","1.0734785905301527098","86.6666666666666714036"
"IAT_flowers_chinese.iqx","060417","16:46:02","235267708","951109345","240186","1","1.1570755635575520337","0.9140034655375971484","1.0355395145475745355","85.8333333333333285964"
"IAT_flowers_chinese.iqx","060417","16:46:28","452657010","238633163","210894","1","1.0575882107758249884","1.1221116387741878473","1.0898499247750064178","84.1666666666666714036"
"IAT_flowers_chinese.iqx","060417","16:46:23","589750132","2966194","270851","1","-1.2095452417753018715","0.4693454296920293034","-0.370099906041636284","91.6666666666666571928"
"IAT_insects_chinese.iqx","060417","16:45:49","417009541","733147810","231843","1","0.4435099392500820303","0.3302590598469865579","0.3868844995485343219","88.3333333333333285964"
"IAT_flowers_chinese.iqx","060417","16:46:19","683947715","750279222","201132","1","0.7026441946939773198","0.4922639474177329943","0.5974540710558551293","97.5"
"IAT_flowers_chinese.iqx","060417","11:46:11","831270395","782934597","209416","1","0.6880156022849543973","0.4897693074806613311","0.5888924548828078365","100"
"IAT_flowers_chinese.iqx","060417","16:45:19","307982340","674168770","253759","1","0.469167596949001231","0.446742704180418837","0.457955150564710034","96.6666666666666714036"
"IAT_flowers_chinese.iqx","060417","16:46:10","188050185","197957387","194481","1","0.822717349295280842","0.2750163249432701629","0.5488668371192755302","95"
"IAT_flowers_chinese.iqx","060417","16:46:31","735056747","461146531","181486","1","1.190988429475859478","0.7964756452981410773","0.9937320373870002221","93.3333333333333285964"
"IAT_insects_chinese.iqx","060417","16:45:00","844411439","273528836","247354","1","-0.2749174986547417987","-0.3475703166913688413","-0.31124390767305532","83.3333333333333428072"
"IAT_flowers_chinese.iqx","060417","16:44:43","990923689","386345263","274225","1","0.8387111198416806745","0.3944410461235263732","0.6165760829826034684","94.1666666666666714036"
"IAT_insects_chinese.iqx","060417","16:45:09","886404470","368514037","226377","1","-0.8880640942456918818","0.1186682734212944901","-0.3846979104121986959","92.5"
"IAT_insects_chinese.iqx","060417","16:46:17","14398096","451166222","154909","1","0.3877894126457097079","-0.3704643292554813949","0.0086625416951141565","92.5"
"IAT_insects_chinese.iqx","060417","15:44:44","115866054","964858903","243174","1","-0.662195009805965018","-0.7111564164452445214","-0.6866757131256047142","99.1666666666666714036"
"IAT_flowers_chinese.iqx","060417","16:45:48","673159225","761067712","178751","1","0.7307825985176669148","0.0302613036153705668","0.3805219510665187599","81.6666666666666714036"
"IAT_insects_chinese.iqx","060417","16:44:55","684851376","581380616","222862","1","0.2512195110853921998","0.2118356280437448946","0.2315275695645685472","98.3333333333333285964"
"IAT_insects_chinese.iqx","060417","16:42:14","871816184","805629999","388097","1","-0.2198361045914066503","0.0079797941793024289","-0.1059281552060521159","96.6666666666666714036"
"IAT_flowers_chinese.iqx","060417","16:44:46","976557668","400692651","222347","1","1.038890833821987103","1.2646165638223285654","1.1517536988221577232","95"
"IAT_flowers_chinese.iqx","060417","16:45:18","640216132","794010806","174423","1","0.1641074797518027595","0.6279819144611874515","0.3960446971064950916","87.5"
"IAT_flowers_chinese.iqx","060417","16:43:40","912384140","354444042","263041","1","-0.1818169246243075687","0.6528068075135734505","0.2354949414446329548","100"
"IAT_flowers_chinese.iqx","060417","16:41:42","910638292","318553201","370121","1","-0.6038368294296007077","-0.8474024635727805954","-0.7256196465011905961","75.423728813559321793"
"IAT_flowers_chinese.iqx","060417","16:42:18","859777970","144450739","194274","1","0.9302859694731120399","0.956542769934734971","0.94341436970392345","84.1666666666666714036"
"IAT_flowers_chinese.iqx","060417","16:40:28","497256242","29263071","208856","1","0.7135203848533361315","0.7428804918463269846","0.7282004383498315025","96.6666666666666714036"
"IAT_flowers_chinese.iqx","060417","16:42:57","837822628","248791510","263349","1","0.5533516944358555234","0.0852713680083607845","0.319311531222108147","91.6666666666666571928"
"IAT_flowers_chinese.iqx","060417","11:43:40","375625892","708632575","213126","1","0.7311431307102341792","0.382847728091278483","0.5569954294007563034","78.3333333333333285964"
"IAT_insects_chinese.iqx","060417","16:44:16","593344854","673166633","170386","1","-0.1858973036906186871","0.0732284220894741239","-0.0563344408005722816","84.1666666666666714036"
"IAT_insects_chinese.iqx","060417","16:43:18","711230222","70101316","205636","1","0.6011614591619108827","0.6875160936572719539","0.6443387764095913628","99.1666666666666714036"
"IAT_flowers_chinese.iqx","060417","16:43:16","647976986","50969122","204095","1","-0.0150058789446684791","0.2717922225045359408","0.1283931717799337291","97.5"
"IAT_flowers_chinese.iqx","060417","11:43:21","462816825","894503723","194862","1","0.5339588734004193649","0.4370009512348086989","0.4854799123176140041","96.6666666666666714036"
"IAT_flowers_chinese.iqx","060417","11:41:01","488211867","636739174","326914","1","0.3382187077035739842","-0.3400855018599267532","-0.0009333970781763845","93.2773109243697433612"
"IAT_flowers_chinese.iqx","060417","11:42:45","960962249","571192126","211829","1","1.150591368485657684","0.3632381921487119469","0.7569147803171848432","70.8333333333333428072"
"IAT_flowers_chinese.iqx","060417","16:41:58","877270004","396792742","248623","1","0.1203584464652569103","-0.2454861129747591131","-0.0625638332547510945","96.6666666666666714036"
"IAT_flowers_chinese.iqx","060417","16:42:20","348714195","872522504","224135","1","0.7791609260174715557","1.0632296543056984905","0.9211952901615849676","98.3333333333333285964"
"IAT_flowers_chinese.iqx","060417","16:42:50","411004218","810232481","180860","1","0.8915994438304938319","0.4472276107639657772","0.6694135272972298045","74.1666666666666714036"
"IAT_insects_chinese.iqx","060417","10:43:31","895405525","782040658","152101","1","0.2409657847233824257","-0.8353027123557863476","-0.2971684638162019887","55.0000000000000071054"
"IAT_insects_chinese.iqx","060417","16:42:37","530730367","398583464","201874","1","-0.1755058449913067253","0.0724176168412057619","-0.0515441140750504817","96.6666666666666714036"
"IAT_insects_chinese.iqx","060417","16:43:28","629263781","152067757","158060","1","0.5384045624680386943","0.7553220613878912637","0.646863311927964979","88.3333333333333285964"
"IAT_insects_chinese.iqx","060417","16:42:59","796790838","432400656","177181","1","-0.16609036755170975","-0.3593324100395073883","-0.2627113887956085692","85"
"IAT_flowers_chinese.iqx","060417","16:42:29","60903635","381463493","197954","1","-0.3273365104677252169","1.0089076136387289395","0.3407855515855018336","81.6666666666666714036"
"IAT_flowers_chinese.iqx","060417","16:41:27","955696180","318366566","265397","1","0.0175793664125230079","0.1062748271997819294","0.0619270968061524651","95.8333333333333428072"
"IAT_insects_chinese.iqx","060417","16:40:25","783425021","838839442","335505","1","0.0491616195597203501","0.1538376230311350457","0.1014996212954276944","73.3333333333333285964"
"IAT_insects_chinese.iqx","060417","16:42:37","323563750","195404303","186021","1","-0.2014254037646877327","0.1602510351226767993","-0.0205871843210054667","98.3333333333333285964"
"IAT_flowers_chinese.iqx","060417","16:42:37","539751003","990890724","179230","1","0.0176071692107374299","-0.1084113335817355889","-0.0454020821854990778","88.3333333333333285964"
"IAT_flowers_chinese.iqx","060417","16:41:51","841163372","730630716","234040","1","0.0995981013301529411","-0.2651001562167663583","-0.0827510274433067017","100"
"IAT_flowers_chinese.iqx","060417","16:42:06","270262339","649814185","208110","1","0.9406971364976827177","0.8899524132133004306","0.9153247748554915741","98.3333333333333285964"
"IAT_flowers_chinese.iqx","060417","11:41:04","288187258","631889267","224798","1","0.6611982773196530827","1.0457289093193524732","0.8534635933195027224","84.1666666666666714036"
"IAT_flowers_chinese.iqx","060417","16:44:12","672926275","593585213","178839","1","0.882878478326083127","0.8092852648219980294","0.8460818715740405782","90.8333333333333285964"
"IAT_insects_chinese.iqx","060417","16:40:38","621555173","644956314","274194","1","-0.6354813500990913466","-0.3665872074499384459","-0.5010342787745148962","98.3333333333333285964"
"IAT_flowers_chinese.iqx","060417","11:41:48","850584226","378607268","196575","1","0.3348079360392519077","0.1017903840444399632","0.2182991600418459355","94.1666666666666714036"
"IAT_flowers_chinese.iqx","060417","16:41:07","775412844","846851619","212319","1","0.7487565285915245283","0.8193974328953835817","0.7840769807434539995","92.5"
"IAT_flowers_chinese.iqx","060417","11:41:20","617264163","913377563","200548","1","0.9992592752858185934","0.9852410512806166754","0.9922501632832176899","92.5"
"IAT_flowers_chinese.iqx","060417","16:41:11","144273433","689884153","205883","1","-0.2660435704771680343","0.4669392617613472574","0.1004478456420896115","98.3333333333333285964"
"IAT_flowers_chinese.iqx","060417","10:41:29","439114050","604500266","189748","1","0.4439510245173268199","0.1328054677967772379","0.2883782461570520428","84.1666666666666714036"
"IAT_flowers_chinese.iqx","060417","16:41:26","194269562","324698491","178799","1","0.9255383106226329204","1.2562866216967800703","1.0909124661597064954","86.6666666666666714036"
"IAT_flowers_chinese.iqx","060417","16:40:49","433095860","42953077","216150","1","0.5082212954462075327","1.0526894350943576395","0.7804553652702825861","97.5"
"IAT_flowers_chinese.iqx","060417","16:40:58","189536788","329431265","204538","1","0.2408947937982459375","0.8145171948581719779","0.5277059943282089716","96.6666666666666714036"
"IAT_flowers_chinese.iqx","060417","16:39:48","371240082","967830610","259903","1","0.3435537537656526696","0.583882654936404788","0.4637182043510287288","92.5"
"IAT_insects_chinese.iqx","060417","09:39:51","241250543","246391373","245601","1","0.9064814584535790809","0.8357966141462879195","0.8711390362999335002","93.3333333333333285964"
"IAT_flowers_chinese.iqx","060517","01:40:14","393953674","945117018","202790","1","0.678834241884462064","0.1953065741354482188","0.4370704080099551136","88.3333333333333285964"
"IAT_insects_chinese.iqx","060417","16:39:54","587946902","112580577","221949","1","0.0138392487292189996","-0.0266818754899506815","-0.0064213133803658409","94.1666666666666714036"
"IAT_flowers_chinese.iqx","060417","11:38:43","842996587","573748190","282621","1","1.1899916541826469629","0.6000597528499276301","0.8950257035162872965","95"
"IAT_flowers_chinese.iqx","060417","10:39:47","408207897","930862795","211849","1","1.0841884853889982576","0.7801014803125138064","0.9321449828507559765","91.6666666666666571928"
"IAT_flowers_chinese.iqx","060417","16:39:01","744054012","690761844","179801","1","-0.4194346663517402596","-0.6276038047986377544","-0.5235192355751889792","94.1666666666666714036"
"IAT_insects_chinese.iqx","060417","16:39:31","864368605","552376172","182166","1","0.6523465577787708192","0.6009079796532876827","0.6266272687160292509","88.3333333333333285964"
"IAT_insects_chinese.iqx","060417","16:38:26","293206528","162829757","230341","1","-0.2502592808585946127","0.2585138986286062979","0.004127308885005827","99.1666666666666714036"
"IAT_flowers_chinese.iqx","060417","16:38:28","996106051","396379607","172025","1","0.8122217074336374187","-0.1016503436016471945","0.3552856819159951329","73.3333333333333285964"
"IAT_insects_chinese.iqx","060417","16:38:01","164122989","155214558","185839","1","-0.8523665513837667129","0.0772604919805006257","-0.3875530297016330228","98.3333333333333285964"
