"script.startdate","script.starttime","script.subjectid","script.groupid","script.elapsedtime","values.completed","expressions.m1","expressions.sd1","expressions.m2","expressions.sd2","expressions.d","expressions.latdiff","expressions.percentcorrect"
"060417","16:31:04","455843278","945186093","142724","1","568.7000000000000454747","147.8287640422553295139","589.2428571428571331126","171.7776145523148443317","0.1283879523846248594","20.5428571428570876378","93.5714285714285693984"
"060417","16:26:13","453917922","912251804","154014","1","579.3571428571428896248","176.9916100291306690906","620.7571428571428668874","219.4624153695442316803","0.2072838387264246962","41.3999999999999772626","98.5714285714285836093"
"060417","21:19:54","576824149","462563064","191621","1","947.8714285714286233997","460.3778196796648103373","793.9142857142857110375","277.5407395533154044642","-0.3982902025576318117","-153.9571428571429123622","94.2857142857142775938"
"060417","13:12:13","162872485","160297430","252654","1","1435.1142857142856428254","1633.4796551689685202291","1410.7999999999999545253","1339.7983689963268716383","-0.0163343173983993492","-24.3142857142856883002","95"
"060517","04:08:02","441229036","735441873","178831","1","707.0142857142857337749","177.6141798799013429289","795.3714285714286233997","280.6306650855093494101","0.3710022882675372835","88.3571428571428896248","99.2857142857142918047"
"060417","13:05:08","891714010","10404180","97786","1","188.0999999999999943157","117.504134987371543275","514.2999999999999545253","391.7865934186731919908","0.9842319512645628654","326.1999999999999317879","62.1428571428571459023"
"060417","21:02:45","347074539","629660402","141314","1","592.5285714285714675498","184.2537413482509407459","567.9571428571429123622","174.7982220347250290615","-0.1369909492218217006","-24.5714285714285729512","90"
"060417","20:59:02","728533097","425743518","170284","1","724.0142857142857337749","181.8383971869291428902","767.2000000000000454747","211.3190869792387331927","0.2185378831374577557","43.1857142857143116998","97.8571428571428469922"
"060417","15:57:59","647995710","337976538","148741","1","548.1571428571428441501","85.5118664049980452546","583.2428571428571331126","131.3592745344278398534","0.3137488756820700497","35.0857142857142889625","96.4285714285714306016"
"060417","20:57:10","133849929","535351414","137153","1","546.3714285714286233997","154.2251479924461818882","506.2571428571428668874","149.415254999283916959","-0.2628285808886633435","-40.1142857142857138797","97.8571428571428612031"
"060417","14:54:28","498755454","270797721","204015","1","659.9142857142857110375","176.0770370643670048594","615.7000000000000454747","213.3241630728328175337","-0.2254183071334824873","-44.2142857142856655628","98.5714285714285836093"
"060417","21:01:28","493095005","324572874","154664","1","661.9857142857142662251","219.0867403403516675553","589.0142857142857337749","224.3305979670739702669","-0.3258539245469976864","-72.9714285714285324502","95.7142857142857224062"
"060417","20:52:46","380309630","132075648","180077","1","798.3428571428571558499","288.9513215968876238549","771.1142857142857565123","200.7622101152303457638","-0.1096709672501090665","-27.2285714285713993377","96.4285714285714306016"
"060417","14:51:10","627215132","495735348","172071","1","806.8999999999999772626","360.5027146172090510845","810.8428571428571558499","380.872059454192310568","0.010670898902417042","3.9428571428571785873","94.2857142857142775938"
"060417","15:48:36","205768215","400780855","143221","1","597.3428571428571558499","220.0808076701871129899","613","208.7395575796564912707","0.0732132776601610719","15.6571428571428441501","95"
"060417","15:47:33","791044348","780160822","139144","1","574.0142857142857337749","152.873395838777184963","558.8428571428571558499","140.1512263684766139704","-0.1036866029823813457","-15.171428571428577925","96.4285714285714306016"
"060417","20:45:21","810152956","880548285","126825","1","685.8857142857142434877","299.4822848239866743825","353.8000000000000113687","352.0733866187806029302","-0.9077897225839089979","-332.0857142857142321191","75.7142857142857081953"
"060417","20:41:06","181428494","785399514","192630","1","728.7714285714286006623","241.5877535184750115604","808.2857142857143344372","449.7706385805907984832","0.2197034304411761008","79.5142857142857337749","97.1428571428571387969"
"060417","20:39:59","948795071","936534540","147468","1","616.3142857142856883002","222.5606930969646271024","615.828571428571422075","235.9112441446394541344","-0.002125600636931312","-0.4857142857142662251","95.7142857142857224062"
"060417","20:38:25","154616245","872755866","197619","1","831.8714285714286233997","370.6099915524529819777","742.328571428571422075","243.8615502566606494383","-0.2835551757582720489","-89.5428571428572013247","98.5714285714285836093"
"060417","20:38:22","962655617","25672302","194445","1","765.9285714285714448124","242.5702540653941809978","789.7142857142856655628","351.629751872130952961","0.0789670033450952796","23.7857142857142207504","97.8571428571428469922"
"060417","20:30:22","769080369","868205906","192012","1","742.1571428571428441501","398.0318840813405358858","800.6142857142857565123","325.6106100208928637585","0.1608157664154006017","58.4571428571429123622","97.1428571428571387969"
"060417","15:35:34","887228097","505846479","135064","1","595.1428571428571103752","179.3975655978727559159","578.5571428571428214127","182.5915403309095381701","-0.0918666093895489921","-16.5857142857142889625","96.4285714285714306016"
"060417","20:34:52","604371446","146626409","156987","1","645.6142857142857565123","233.0892279766649437533","623.7857142857143344372","167.0140055618994949782","-0.1078874189508809006","-21.828571428571422075","96.4285714285714306016"
"060417","12:34:19","664616672","698713139","160842","1","530.8857142857142434877","99.0115705223814899227","575.7714285714286006623","186.8262132422838419643","0.2979159633042039457","44.8857142857143571746","97.8571428571428469922"
"060417","14:34:11","265367309","575567236","152698","1","715.328571428571422075","299.9257744615081264783","645.6142857142857565123","204.1650577534102524169","-0.270198920226796202","-69.7142857142856655628","92.8571428571428612031"
"060417","15:34:05","182044162","5027230","163192","1","622.6285714285713766003","234.3063875138997218528","734.3999999999999772626","408.3383933433897823306","0.3322526422898342546","111.7714285714286006623","85.7142857142857081953"
"060417","14:33:36","930327382","52706880","159254","1","659.828571428571422075","376.5132933130088872531","620.2428571428571331126","202.3890238556075189535","-0.1311539811952839307","-39.5857142857142889625","92.1428571428571387969"
"060417","20:33:47","284566866","30300769","138152","1","539.3428571428571558499","153.8142005198917843245","591.6571428571428441501","214.8019570333139540708","0.2782935074574583445","52.3142857142856883002","97.8571428571428469922"
"060417","12:33:32","256123597","920241848","141494","1","603.0571428571428214127","220.7743871482921065308","565.8857142857142434877","113.5524577564304138377","-0.2113106496332799733","-37.171428571428577925","97.1428571428571387969"
"060417","20:33:10","677591777","298554245","142196","1","530.5142857142857337749","104.4597894840286329554","515.3428571428571558499","126.2122534433746636751","-0.1311488277239470923","-15.171428571428577925","95"
"060417","20:31:27","979890932","839245560","233656","1","809.7571428571428668874","369.3195637461295746107","982.0571428571428214127","573.6307928820098140932","0.3527912638929421307","172.2999999999999545253","97.8571428571428469922"
"060417","15:32:09","455114621","107177352","161384","1","716.8999999999999772626","180.6979343497344245861","648.1000000000000227374","163.1140038772560956204","-0.3932540995244664939","-68.7999999999999545253","97.8571428571428469922"
"060417","20:31:35","641195027","722134783","167388","1","713.0714285714285551876","319.0912513812851898365","801.2285714285713993377","343.2157462110458254756","0.2646335075428995487","88.1571428571428441501","98.5714285714285836093"
"060417","20:30:58","311564819","304221558","161831","1","646.1142857142857565123","195.6645712198346700461","700.9428571428571785873","263.1271740638903224863","0.2356601240438999101","54.828571428571422075","95.7142857142857224062"
"060417","20:31:17","776510904","484006725","138699","1","537.1142857142857565123","191.4549587820486635792","599.9142857142857110375","305.1022989694422449247","0.2455720117942616354","62.7999999999999545253","91.4285714285714306016"
"060417","12:30:38","268205895","348493498","156648","1","557.4857142857142662251","112.170514978945490725","640.828571428571422075","148.3766233617965895064","0.6058539994858586075","83.3428571428571558499","93.5714285714285693984"
"060417","15:29:32","837274324","840495957","163971","1","676.0571428571428214127","252.6163319742495616538","711.5","260.8542127124940179783","0.1382000943348606625","35.4428571428571785873","77.8571428571428612031"
"060417","20:29:51","517718713","385569976","139283","1","587.1428571428571103752","118.7209962400931573256","597.3857142857142434877","119.0970001517024314808","0.0863705013104420216","10.2428571428571331126","97.8571428571428469922"
"060417","20:29:32","867396607","847291595","156731","1","737.9285714285714448124","295.3798989083194328487","678.6285714285713766003","148.6042474502277741522","-0.2524926797335000361","-59.3000000000000682121","100"
"060417","20:28:43","480282262","378134443","195689","1","1013.2142857142856655628","673.6237691780602290237","908.1142857142857565123","599.0923217150159416633","-0.1649049288024538595","-105.0999999999999090505","95.7142857142857224062"
"060417","20:30:38","375844458","482572247","172271","1","850.9142857142857110375","478.6890837729595205019","734.2428571428571331126","222.8037698868140807917","-0.3098134185332871438","-116.671428571428577925","98.5714285714285836093"
"060417","20:28:48","590321421","286134369","168287","1","805.1571428571428441501","242.6172291404227223666","739.0571428571428214127","151.6631360360787255104","-0.3235453338565772996","-66.1000000000000227374","95.7142857142857224062"
"060417","15:28:04","755042910","859162083","190813","1","843.6811594202898731965","871.7791560055188710976","881.171428571428577925","690.3908569815555438254","0.0478772899602713103","37.4902691511387047285","94.2857142857142775938"
"060417","20:27:27","174681585","306377556","204028","1","932.5428571428570876378","357.3876102129836453969","874.7000000000000454747","431.8632482828230081395","-0.1460622227937429796","-57.8428571428570421631","99.2857142857142918047"
"060417","15:28:23","904483451","772373814","122531","1","504.6999999999999886313","123.7633728684221949834","525.9714285714285324502","128.8641540007749881624","0.1683719413303022272","21.2714285714285438189","93.5714285714285693984"
"060417","20:27:41","198956067","871757282","137666","1","534.2285714285713993377","196.0573098281726061032","614.171428571428577925","371.091846571886435413","0.2678947301354367982","79.9428571428571785873","97.1428571428571387969"
"060417","20:27:13","689704003","328183299","150863","1","636.5142857142857337749","718.8166955642767561585","609.6428571428571103752","302.8660695879624427107","-0.048880911556410854","-26.8714285714286233997","94.2857142857142775938"
"060417","20:27:07","705011027","204775815","156354","1","580.5714285714285551876","110.186610016440539539","584.3428571428571558499","100.3565940171992565411","0.03591031035117008","3.7714285714286006623","99.2857142857142918047"
"060417","20:27:36","925039195","267939999","127178","1","477.6571428571428441501","112.6191331485850355421","498.3714285714285665563","129.4275211452869314144","0.1707356995929398824","20.7142857142857224062","95"
"060417","14:27:14","63537318","564915198","138515","1","660.1857142857143116998","236.010089004265296353","545.3857142857142434877","140.9601951068275980106","-0.5681226625566895283","-114.8000000000000682121","98.5714285714285836093"
"060417","20:26:44","537108713","563938321","158191","1","629.6142857142857565123","234.1701532273611690016","714.2142857142856655628","369.9856202790192014618","0.2716692208182301949","84.5999999999999090505","83.5714285714285693984"
"060417","20:32:57","613029052","254526889","231092","1","985.6376811594202536071","1037.6320181209898692032","1018.1428571428571103752","664.3904754989699767975","0.0374959801575034252","32.5051759834368496627","96.4285714285714306016"
"060417","12:25:45","389506996","483342603","200278","1","891.4285714285714448124","322.2343899561208218074","1039.4857142857142662251","713.0858180127632977019","0.2661416866924965485","148.0571428571428214127","94.2857142857142775938"
"060417","12:26:19","426569000","811859800","134170","1","525.5142857142857337749","97.5478690155882333102","536.3857142857142434877","130.1375295775776521623","0.0947662829873044538","10.8714285714285097129","92.1428571428571387969"
"060417","20:24:46","436888456","919374337","219615","1","1109.2714285714284869755","921.7859307184035060345","1071.6857142857143116998","764.0584722835832280907","-0.0445453249561953285","-37.5857142857142889625","95"
"060417","20:25:28","479141539","620414856","155355","1","584.1428571428571103752","120.5793124893906735906","662.5857142857142889625","180.6841661820501201419","0.4963870677928597375","78.4428571428571785873","87.1428571428571387969"
"060417","20:24:24","502702267","522265016","202842","1","537.2999999999999545253","126.213914343518567307","589.9428571428571785873","256.1957972770885589853","0.2593920394805468987","52.6428571428571459023","96.4285714285714306016"
"060417","20:25:36","343989429","864018913","154830","1","681.1428571428571103752","220.1286373401373737124","715.4142857142857110375","179.0947844632729015757","0.170777816684232614","34.2714285714286006623","100"
"060417","20:25:26","453635385","145257749","162007","1","680.6142857142857565123","275.2950613568164612843","629.9571428571429123622","222.4919758015245747629","-0.2020788670601357251","-50.6571428571428441501","97.8571428571428469922"
"060417","13:24:58","934992350","469570529","116908","1","503.5571428571428782561","159.1931317900044007274","455.6142857142856996688","124.9740022654153221993","-0.3315333141271880057","-47.9428571428571785873","91.4285714285714306016"
"060417","20:24:17","178711551","666450096","154990","1","732.7000000000000454747","312.1925432453039093161","596.328571428571422075","118.590480521808203207","-0.5565230351065161285","-136.3714285714286233997","93.5714285714285693984"
"060417","20:24:43","203701544","858952335","126958","1","557.7142857142856655628","139.864752773252547513","562.328571428571422075","172.3556082452260227456","0.0295022140671204088","4.6142857142857565123","98.5714285714285836093"
"060417","20:24:01","814046299","837672870","156613","1","683.9857142857142662251","296.9700854918197023835","733.6142857142857565123","376.5466382899379027549","0.1464854422134375667","49.6285714285714902871","96.4285714285714306016"
"060417","20:23:18","168185587","459678011","188331","1","601.2285714285713993377","119.2030506647573560031","645.3857142857142434877","291.4778582018645352036","0.1980347968398581404","44.1571428571428441501","94.2857142857142775938"
"060417","20:23:28","595534358","54145913","163556","1","621.5857142857142889625","356.2738522035754726858","621.4857142857142662251","296.1894097695380878577","-0.00030634307816868","-0.0999999999999999778","97.8571428571428612031"
"060417","20:23:37","325123416","334251702","133828","1","507.2428571428571331126","94.9410855786306058235","583.6142857142857565123","171.2647998773204847112","0.5333566218061052133","76.3714285714285665563","85.7142857142857081953"
"060417","15:22:57","441839737","111883285","159479","1","609.5571428571428214127","111.1683193994371521285","616.8857142857142434877","156.7922601292517867932","0.0540979337586980427","7.328571428571422075","100"
"060417","20:22:20","802914543","469494194","185887","1","585.6857142857143116998","157.5315512779363871232","621.4714285714285324502","184.6525700758340917673","0.2081165575195466355","35.7857142857142207504","86.4285714285714306016"
"060417","20:22:55","224946265","855189774","154143","1","585.0285714285714675498","176.7059271192932214944","566.3999999999999772626","135.2494635527417301546","-0.1186077111960199965","-18.6285714285714902871","98.5714285714285836093"
"060417","15:22:16","582580255","139447136","151439","1","722.3714285714286233997","342.587518551821631263","714.0285714285714675498","291.2542577372963705784","-0.026331419575488145","-8.3428571428571558499","86.4285714285714306016"
"060417","20:22:12","627691626","133317836","148346","1","611.328571428571422075","153.983786218612834773","580.2999999999999545253","129.5260423705362597957","-0.2175594347955455143","-31.0285714285714675498","92.1428571428571387969"
"060417","20:21:45","346250836","222526036","170899","1","657.9571428571429123622","153.7415896805918862356","685.8142857142856883002","298.0613346498511191385","0.1176871040549489628","27.857142857142775938","99.2857142857142918047"
"060417","15:21:46","505304615","93588520","168493","1","978.3428571428571558499","962.8609225156353659258","614.1857142857143116998","182.8932763050580945219","-0.5098163198106510086","-364.1571428571428441501","93.5714285714285693984"
"060417","15:21:45","697604995","731217004","146095","1","693.0714285714285551876","371.2728330529276945526","682.2000000000000454747","563.6126123602932693757","-0.0228610102929958613","-10.8714285714285097129","85.7142857142857081953"
"060417","15:21:58","855721928","515852736","131512","1","508.2285714285714561811","78.4055180379491645226","526.6285714285713766003","119.4503318561246345553","0.1820113395048528482","18.3999999999999985789","96.4285714285714306016"
"060417","20:21:23","877509404","499366255","160352","1","632.0285714285714675498","70.5728057467819951398","656.9857142857142662251","112.5771224033235995421","0.2642425834881028668","24.9571428571427986753","100"
"060417","20:19:21","384021627","864418781","272599","1","547.8428571428571558499","117.9027646188242925973","570.4142857142857110375","172.828766128952992176","0.1526761342936647503","22.5714285714285551876","98.5714285714285836093"
"060417","20:21:24","995653998","581739212","146964","1","543.2857142857143344372","114.6503370817575557794","676.3571428571428896248","267.6548196548532700945","0.6168004652925145326","133.0714285714285551876","95.7142857142857224062"
"060417","14:19:54","511794391","86509825","188696","1","1032.5571428571429350995","1384.978141780262831162","940.2285714285713993377","1294.7149445254888178169","-0.069078294315040617","-92.3285714285715357619","100"
"060417","15:20:56","639261157","327566851","127325","1","505.4285714285714448124","123.4883754933538710929","519.7285714285713993377","115.3346638226732636667","0.1198994644311447699","14.2999999999999545253","97.1428571428571387969"
"060417","20:20:46","479262982","88304016","158122","1","552.1428571428571103752","97.2269548291093030912","640.8999999999999772626","287.8472395791444000679","0.4059396671129922307","88.7571428571428668874","99.2857142857142918047"
"060417","20:19:28","210594139","740219603","190806","1","736.9428571428571785873","186.7241541173740131399","754.8714285714286233997","280.8213069163725208455","0.0754026447076947687","17.9285714285714448124","95.7142857142857224062"
"060417","20:19:37","525901279","35477679","166157","1","623.8857142857142434877","104.8097714850948278809","698.7714285714286006623","185.6054855689668272589","0.4837293570257058528","74.8857142857143571746","100"
"060417","15:19:46","465932169","87790853","155883","1","617.5571428571428214127","170.9260909616453432136","637.5142857142857337749","166.4863438589223960662","0.1185027291132226962","19.9571428571429123622","96.4285714285714306016"
"060417","20:19:49","917032107","922135670","141925","1","617.7000000000000454747","119.4323955275505397822","609.671428571428577925","185.2258098136380510823","-0.0516867109854572751","-8.0285714285714284699","99.2857142857142918047"
"060417","14:19:48","467840940","93538017","140566","1","536.3428571428571558499","162.6905024453526777961","691.4714285714285324502","388.7322658773794046283","0.5054061343577164189","155.1285714285713766003","92.1428571428571387969"
"060417","20:19:04","157097151","525359250","165912","1","672.3571428571428896248","239.2735403720043905196","641.7714285714286006623","206.3149535089685855382","-0.1370780391901539608","-30.5857142857142854098","92.8571428571428612031"
"060417","20:19:40","727211900","139170164","124029","1","525.0714285714285551876","158.7254782091148683776","526.0714285714285551876","164.8529710693542824629","0.006202093449576263","1","91.4285714285714306016"
"060417","15:19:10","723727534","142934024","144249","1","556.9571428571429123622","100.7643880781392624613","633.9714285714285324502","199.0646221947130811714","0.4757550353615360716","77.014285714285620088","97.1428571428571387969"
"060417","20:19:04","692061908","166943715","150886","1","637.8857142857142434877","202.0222790739577192198","616.7285714285713993377","234.5469837317030510349","-0.096891546459423758","-21.1571428571428441501","96.4285714285714306016"
"060417","20:19:10","936709686","522832167","141672","1","531.9571428571429123622","129.9180829660499796319","660.2571428571428668874","329.4888745109627734564","0.4978465334597560465","128.2999999999999545253","92.1428571428571387969"
"060417","20:18:30","881765166","632975772","155108","1","533.2714285714286006623","127.2416303934209906856","570.6000000000000227374","173.1475369885963857541","0.2447050213894731152","37.328571428571422075","95.7142857142857224062"
"060417","15:18:01","830086199","124280417","152625","1","632.6428571428571103752","365.2419105320606149689","583.2428571428571331126","219.6815505314279732829","-0.1639470263237762238","-49.3999999999999772626","92.1428571428571387969"
"060417","15:17:32","201457349","847352554","166638","1","753.9571428571429123622","414.2493975300835131748","711.0857142857142889625","181.3487106803476649475","-0.1342539600271724087","-42.8714285714286233997","100"
"060417","14:17:02","67252295","690118983","193826","1","524.8999999999999772626","128.7540234350938703756","504.671428571428577925","88.8877685833472952481","-0.18273467941283425","-20.2285714285713993377","100"
"060417","20:17:33","731323152","233334566","142707","1","568.7714285714286006623","144.4809973392089545996","584.1000000000000227374","150.4959097137849539649","0.1041423622664388177","15.3285714285714291805","91.4285714285714306016"
"060417","20:17:35","975540768","470359856","130574","1","561.5857142857142889625","153.6488083738360899133","551.2714285714286006623","182.7176424240473977534","-0.061291903451575265","-10.3142857142856883002","88.5714285714285693984"
"060417","13:17:14","956506538","113617894","147198","1","604.5714285714285551876","194.8255683179017694329","694.8142857142856883002","251.8708717276468860291","0.3942886084943319491","90.2428571428571331126","84.2857142857142918047"
"060417","15:16:57","470524118","97042880","135943","1","601.7285714285713993377","123.9409538506457408857","619.7000000000000454747","262.7503554238552396782","0.087715315487845627","17.9714285714286461371","95"
"060417","21:16:20","120598492","636772786","128692","1","487.5857142857142889625","138.0659885136994660115","544.6000000000000227374","187.3743366338770215407","0.3425080128216201336","57.0142857142857337749","80"
"060417","20:15:52","791693979","478246340","146450","1","527.0714285714285551876","77.0607367136932026597","536.8714285714286233997","127.7823014472152891585","0.0931122225565570588","9.8000000000000007105","96.4285714285714306016"
"060417","20:15:31","193072512","855737391","134453","1","539.0714285714285551876","102.809140944265067219","535.671428571428577925","113.5279728574328430568","-0.0315035173604425942","-3.3999999999999772626","97.8571428571428469922"
"060417","15:14:44","721828208","685493879","151557","1","680.5714285714285551876","267.3923227101078623491","608.3714285714286233997","144.1584445769900639789","-0.3326066135038119875","-72.1999999999999317879","99.2857142857142918047"
"060417","15:14:51","525584548","41982450","129905","1","534.8428571428571558499","204.9049716624959387445","571.2285714285713993377","281.2638233087886305839","0.14799568886551559","36.3857142857142434877","80"
"060417","12:13:38","868195884","12713185","170040","1","655.5571428571428214127","241.2644610497608255173","633.8428571428571558499","294.2729993333502420683","-0.0809241328337169802","-21.7142857142856655628","90"
"060417","19:06:04","404567924","413099954","181305","1","673.7285714285713993377","248.4695135662375093943","685.2999999999999545253","166.8025257863193928642","0.054858980965651491","11.5714285714285551876","98.5714285714285836093"
"060417","19:01:20","816327807","272053086","125975","1","494.9714285714285892936","184.0589832547441346833","518.7428571428571331126","205.1367649631447989123","0.1221887461156450499","23.7714285714285438189","68.5714285714285693984"
"060417","10:35:09","730529271","232950611","138302","1","584.7142857142856655628","255.8533401717060087321","549.9428571428571785873","196.0819767722337587657","-0.1526513972120941698","-34.7714285714284869755","86.4285714285714306016"
"060517","05:34:21","590930150","52245320","173609","1","608.2285714285713993377","313.2510301140203523573","575.9428571428571785873","201.9026085865094728433","-0.122724515092123912","-32.2857142857142207504","97.8571428571428469922"
"060417","18:33:30","904468731","454924036","173353","1","817.4285714285714448124","212.3745373141019285868","809.9142857142857110375","211.6468033261501204834","-0.0355654272187966095","-7.5142857142857337749","100"
"060417","18:34:28","643586926","999588530","143842","1","598.5","178.8678364003733349819","590.2999999999999545253","191.0852567895254594532","-0.0444549644824388593","-8.2000000000000454747","96.4285714285714306016"
"060417","13:33:27","935803641","741642542","159250","1","631.4285714285714448124","163.5596395617872644834","784.9857142857142662251","358.0950198916783620007","0.5334168557016224499","153.5571428571428214127","95.7142857142857224062"
"060417","18:32:46","734862087","668038714","168534","1","680.7000000000000454747","199.8229905096803804554","621.9285714285714448124","140.1592594601667656207","-0.3368426550458953339","-58.7714285714286006623","100"
"060417","13:31:07","696528380","538068053","110202","1","281.1285714285714334437","174.9321956784574467747","511.7285714285714561811","139.9274057573696836698","1.1783155728922649619","230.5999999999999943157","72.1428571428571387969"
"060417","18:22:04","965528916","481066033","143997","1","571.5857142857142889625","129.6440492390823351343","552","140.9888473336233971622","-0.1447527184872215433","-19.5857142857142889625","96.4285714285714306016"
"060417","13:20:57","218637285","458219993","120145","1","513.1571428571428441501","114.9210990471774209709","495.828571428571422075","108.9443377925628482217","-0.1548473691484940074","-17.328571428571422075","93.5714285714285693984"
"060417","18:16:25","726054730","56454644","126861","1","535.3999999999999772626","122.4843557002458851457","545.6571428571428441501","115.2511920419080979627","0.0864808398172210585","10.2571428571428668874","94.2857142857142775938"
"060417","18:15:43","472908497","677535751","134425","1","571.2285714285713993377","193.5438512592132838108","554.0571428571428214127","150.280403199889519783","-0.0993382106116594971","-17.171428571428577925","96.4285714285714306016"
"060417","18:15:15","443727950","33498824","157207","1","639.5","181.9496466417109559188","737.5285714285714675498","349.4596541755290104447","0.347725815415219075","98.0285714285714249172","95"
"060417","18:15:26","851132882","470455649","136345","1","523.671428571428577925","119.6909936229595388113","614.2142857142856655628","271.5129320248464068754","0.4232169680871680217","90.5428571428570876378","95.7142857142857224062"
"060417","18:14:55","309180579","535981069","152640","1","602.0285714285714675498","179.9532122306587496041","768.1428571428571103752","450.1144229957754419047","0.4725033746735515239","166.1142857142857280905","84.2857142857142918047"
"060417","12:14:31","725110134","225703608","115591","1","479.8857142857143003312","143.0950371188082215212","486.9714285714285892936","120.7006083373320848295","0.0537027824464183998","7.0857142857142889625","90"
"060417","12:14:05","860747495","460841036","114616","1","460.0142857142857337749","134.4096585618004553453","412.3857142857143003312","114.6996446751811760123","-0.3757174170712913597","-47.6285714285714334437","80.7142857142857224062"
"060417","18:13:44","566998704","144024626","135046","1","497.6571428571428441501","96.8054803985638159247","520.828571428571422075","126.9057588748864304762","0.2049546776632142353","23.171428571428577925","90"
"060417","10:07:21","559287318","927187981","192307","1","576.0142857142857337749","139.155683106320736897","585.3714285714286233997","148.8736621695881012784","0.065136619705121121","9.3571428571428896248","97.1428571428571387969"
"060417","18:07:38","669753946","123170571","164927","1","706.2571428571428668874","614.8700978800975462946","821.0428571428570876378","612.9495909413731169479","0.1868244485350243622","114.7857142857142918047","82.8571428571428612031"
"060417","18:04:42","7452244","533015721","134006","1","572.3428571428571558499","303.9169359113561768027","518.1428571428571103752","312.4368126593950023562","-0.1758041332442838722","-54.2000000000000454747","87.8571428571428612031"
"060417","18:00:52","610474241","519059014","184130","1","808.2999999999999545253","679.2850536100223735048","982.8857142857142434877","904.2001436590023786266","0.2177940747910875885","174.5857142857142889625","85.7142857142857081953"
"060417","17:52:24","667910505","252166020","129318","1","516.7000000000000454747","152.6689465686350501983","514.3428571428571558499","173.3881367416264538406","-0.0144811680117878944","-2.3571428571428896248","94.2857142857142775938"
"060417","17:47:44","379985411","348247922","145906","1","598.2142857142856655628","176.7260955163072253526","687.8857142857142434877","238.004478270932253281","0.4197054011647042837","89.671428571428577925","96.4285714285714306016"
"060417","17:38:06","519411578","674436028","136742","1","509.4714285714285892936","120.6416085874491415098","578.4571428571429123622","149.8190875897031162367","0.4931918598879290738","68.9857142857143230685","82.8571428571428612031"
"060417","09:37:45","466011057","927063519","134839","1","584.8571428571428896248","154.674251973631413648","516.1000000000000227374","103.6985807625826083722","-0.5068236549365140453","-68.7571428571428668874","95.7142857142857224062"
"060417","09:35:14","661359128","36998062","189174","1","840.0714285714285551876","204.0439936527308759651","815.7857142857143344372","258.4854938243117317143","-0.1045257636295795628","-24.2857142857142207504","100"
"060417","12:35:47","311429558","395576020","130136","1","623.2428571428571331126","232.0545560363461845554","564.0571428571428214127","200.8170907411704888546","-0.271187041151137509","-59.1857142857143116998","89.2857142857142918047"
"060417","09:33:59","968803153","340119238","122575","1","499.3999999999999772626","151.8093197574424095819","481.828571428571422075","147.2404098821971842881","-0.1177204138028113689","-17.5714285714285729512","85"
"060417","12:32:04","712192411","248447557","124752","1","547.9714285714285324502","177.1535787845973004551","494.0285714285714107064","146.6750298763697344384","-0.3283411585040332814","-53.9428571428571217439","91.4285714285714306016"
"060417","17:29:14","887407686","863775539","174029","1","679.5571428571428214127","273.3850942001939188231","771.9857142857142662251","518.6170711224491469693","0.2223702567217271386","92.4285714285714448124","97.1428571428571387969"
"060417","17:25:43","539496194","488402716","144527","1","630.1428571428571103752","217.5980395874424857539","652.8428571428571558499","321.501578228338757981","0.0829198060226645772","22.7000000000000454747","92.1428571428571387969"
"060417","09:25:59","436062537","673632885","129555","1","543.9285714285714448124","152.1716537838795773041","537.0285714285714675498","384.1816814857704116548","-0.0236983778848074839","-6.9000000000000003553","90"
"060417","17:25:23","658267614","91148870","139447","1","575.0571428571428214127","282.0104266606850842436","551.171428571428577925","547.2230812211031434344","-0.0550484987665329217","-23.8857142857142434877","79.2857142857142775938"
"060417","17:24:15","382197689","899819852","177255","1","797.5428571428570876378","341.5339517026551447998","746.9571428571429123622","214.5823334918109992486","-0.1772978049160018055","-50.5857142857141752756","99.2857142857142918047"
"060417","12:24:01","326986137","960447575","140811","1","633.2000000000000454747","217.4836725505776655609","612.4714285714285324502","215.2919636368838212093","-0.0960271577051967085","-20.7285714285715130245","85"
"060417","17:21:54","440605742","911720008","140929","1","605.2285714285713993377","273.4698760099294077008","519.2285714285713993377","106.400960471388515316","-0.4071942597744728221","-86","99.2857142857142918047"
"060417","12:19:12","558276196","551419226","169010","1","615.0714285714285551876","169.9793100306896747043","694.171428571428577925","222.3122214578492332748","0.3932861821085895659","79.0999999999999943157","96.4285714285714306016"
"060417","09:18:40","436062537","673632885","133643","1","569.9571428571429123622","129.6845040874740675463","509.1999999999999886313","120.3717189568948526812","-0.4734158047379370404","-60.757142857142859782","95"
"060417","17:17:48","704954946","710023077","151209","1","629.0428571428570876378","362.1608832867277101286","724.1428571428571103752","473.4985510503606178645","0.2249794918605357852","95.1000000000000227374","97.1428571428571387969"
"060417","11:16:38","180832546","937107730","203490","1","921.2999999999999545253","371.5324063732628019352","779.1000000000000227374","338.3004903028229364281","-0.3937485262808902986","-142.1999999999999317879","89.2857142857142918047"
"060417","17:17:44","715227398","868054992","132050","1","519.1571428571428441501","126.8315824649325520568","513.7714285714286006623","107.7208108254208411836","-0.0459249986962587189","-5.3857142857142434877","93.5714285714285693984"
"060417","17:15:41","84624829","865011078","151977","1","676.171428571428577925","223.6563727795077340943","609.7285714285713993377","166.1392746828170459139","-0.3337000785512473366","-66.4428571428571785873","95"
"060417","17:14:10","775697061","320154384","219934","1","890.5571428571428214127","442.2253879966865497408","971.1000000000000227374","570.5299379918003523926","0.1578686218724980883","80.5428571428572013247","97.8571428571428469922"
"060417","09:11:57","427445931","807161732","226308","1","1061.5142857142857337749","718.6651019622894409622","1231.8857142857143571746","1213.6958473760582819523","0.1708057614388839851","170.3714285714286233997","90.7142857142857081953"
"060417","17:12:35","90893394","660991506","137455","1","553.5571428571428214127","89.5880484579336666684","616.3428571428571558499","154.9065062315906402546","0.4831323506777113197","62.7857142857143344372","99.2857142857142918047"
"060417","17:11:51","167445344","921339084","177794","1","868","875.0642543695647646018","704.7428571428571331126","244.0410208874245938659","-0.2530011273381129744","-163.2571428571428668874","97.8571428571428612031"
"060417","17:12:19","966841341","402966569","155137","1","636.4571428571429123622","148.5749394393264992686","655.3714285714286233997","194.7353589911390088218","0.1094345613871266082","18.9142857142857110375","98.5714285714285836093"
"060417","11:11:31","388918415","110502596","167212","1","648.4428571428571785873","166.1748368361330960852","620.3857142857142434877","148.1971163694053643667","-0.1781338937550796253","-28.0571428571429350995","96.4285714285714306016"
"060417","12:11:16","830000830","545995120","131708","1","480.7857142857142775938","114.8624751551079299361","505.8999999999999772626","121.736487807756830648","0.2117662167569439591","25.1142857142856996688","90.7142857142857081953"
"060417","11:16:32","426797854","970698008","194679","1","994.5797101449275032792","1598.2905795383676377241","737.828571428571422075","263.5057940912661820221","-0.2243182920809802805","-256.7511387163560812041","96.4285714285714306016"
"060417","10:09:59","51670134","144533158","172583","1","797.9857142857142662251","547.1297038513253028214","770.5428571428570876378","301.4635164656487518187","-0.0623216201031093348","-27.4428571428571785873","100"
"060417","17:08:23","924170369","80461874","234003","1","1020.4637681159420026233","1160.2087106828737432807","1205.39130434782600787","980.7355765443326163222","0.1721353455454911197","184.9275362318840052467","92.1428571428571387969"
"060417","17:09:03","211206188","117379898","168839","1","652.0571428571428214127","213.521806625838422633","667.9142857142857110375","190.5330237158220541005","0.078585563332010222","15.8571428571428896248","99.2857142857142918047"
"060417","17:08:40","104576018","371472919","159808","1","578.2857142857143344372","145.2959142285541247475","645.6000000000000227374","146.2561184153093734039","0.451388133933600888","67.3142857142856883002","98.5714285714285836093"
"060417","17:08:25","925850409","555797638","146791","1","609.8428571428571558499","208.0811321502644091197","630.9142857142857110375","189.9835036970806072532","0.1059923993930444452","21.0714285714285551876","97.1428571428571387969"
"060417","17:12:09","326503556","350353723","164941","1","647.8857142857142434877","338.8827142181484646244","939.5857142857142889625","653.7965932155100290402","0.5410949087062717489","291.7000000000000454747","94.2857142857142775938"
"060417","17:05:49","170624215","442123460","239610","1","882.4857142857142662251","422.9237688824243832642","964.2142857142856655628","429.0790235942710637573","0.1916469205537714715","81.7285714285713993377","97.8571428571428469922"
"060417","17:07:04","326682899","71707358","160205","1","580.8571428571428896248","105.6962129926788236389","674.0142857142857337749","215.4986460737683842126","0.530953336213246252","93.1571428571428441501","96.4285714285714306016"
"060417","17:07:52","285512685","877597703","141302","1","578.6285714285713766003","183.4391398050657073782","503.7142857142857224062","145.668587808490997304","-0.4425877523680523118","-74.9142857142856541941","95.7142857142857224062"
"060417","17:06:59","971838156","615461986","172056","1","616.7999999999999545253","224.023329530460046044","693.7000000000000454747","209.9690349841467593706","0.3499554851059376581","76.9000000000000909495","97.8571428571428469922"
"060417","17:06:42","918041619","457954331","157884","1","639.6142857142857565123","223.6094092584268082646","733.5285714285714675498","266.0103365883412038784","0.3766595721067549363","93.9142857142857110375","98.5714285714285836093"
"060417","17:06:33","753273572","902672700","147836","1","641.4857142857142662251","203.462117177360568121","685.6428571428571103752","162.3534376487179713422","0.2390367927464327191","44.1571428571428441501","96.4285714285714306016"
"060417","17:06:08","356154222","356450479","169269","1","667.4714285714285324502","287.0608540962201686852","844.328571428571422075","433.0413415826124037267","0.4695463153510749943","176.8571428571428896248","85.7142857142857081953"
"060417","17:06:05","609462283","572028607","162128","1","724.8999999999999772626","170.8170603772994979863","676.2142857142856655628","155.8846556910501703896","-0.2955064016899943691","-48.6857142857143116998","97.1428571428571387969"
"060417","17:05:03","485285880","6373787","175211","1","741.8714285714286233997","198.1464047682097202596","665.3571428571428896248","216.3421897462030756287","-0.3639515570064502659","-76.5142857142857337749","99.2857142857142918047"
"060417","11:05:20","375743512","22665378","134323","1","641.4857142857142662251","246.7410038509336516199","572.671428571428577925","285.0273681966663730236","-0.2569164210766374801","-68.8142857142857167219","70"
"060417","17:04:55","133708202","237866475","157871","1","684.8428571428571558499","191.1970404623813237777","732.3857142857142434877","258.1658995239662885979","0.2088895639947024874","47.5428571428570876378","99.2857142857142918047"
"060417","17:04:03","955735831","215030493","188925","1","600.1428571428571103752","159.1533109850862501844","560.9571428571429123622","116.7243048984966833359","-0.2790189526402441778","-39.185714285714198013","95"
"060417","17:04:30","643737462","201435417","163598","1","722.7571428571428668874","217.1524166333164203024","889.0142857142857337749","387.5132720628349716208","0.5132979313619232542","166.2571428571428668874","95"
"060417","17:04:23","288591512","118915971","168838","1","702.2428571428571331126","359.7845343815159253609","669.3142857142856883002","393.1575832922558220162","-0.0876118532423367097","-32.9285714285714448124","99.2857142857142918047"
"060417","13:03:38","965231752","871096110","207645","1","1051.7428571428572467994","576.4447931813774630427","1009.1000000000000227374","550.0422157711485624532","-0.0759072801924651347","-42.642857142857224062","96.4285714285714306016"
"060417","17:04:02","824353542","874716593","168312","1","711.7285714285713993377","269.9879718967941926167","620.5285714285714675498","223.2607964462494010149","-0.3632853319186725716","-91.1999999999999317879","98.5714285714285836093"
"060417","11:04:01","778213246","218359527","138727","1","577.6428571428571103752","132.4160150253611902826","577.7714285714286006623","105.9771880606101461808","0.0010759542935226555","0.1285714285714902871","99.2857142857142918047"
"060417","17:04:59","805218689","60265033","68821","1","130.3428571428571558499","90.2778136858239292906","148.7428571428571331126","92.859670613787116622","0.2006241833621725534","18.3999999999999772626","49.2857142857142918047"
"060417","12:03:26","803804784","948069336","159724","1","663.9428571428571785873","146.399085856245847026","655.2285714285713993377","174.7044022265893659096","-0.0542428973207666684","-8.7142857142857792496","97.1428571428571387969"
"060417","17:04:00","305063059","102444424","126517","1","551.2571428571428668874","123.1163801619516249275","547.7428571428571331126","78.049349998553410046","-0.0342123690926933177","-3.5142857142857337749","100"
"060417","17:03:32","916633997","16802993","150231","1","660.3999999999999772626","306.8533332325754940939","587.6857142857143116998","206.7466097969344787089","-0.2762377478101016304","-72.7142857142857081953","92.8571428571428612031"
"060417","17:03:02","106171559","35438930","149801","1","556.6571428571428441501","187.4882709927061057442","557.4571428571429123622","161.9576510861452334211","0.0045830089684587129","0.8000000000000682121","95.7142857142857224062"
"060417","17:03:08","635928974","230732585","143104","1","603.6857142857143116998","169.8972872024673961278","553.2285714285713993377","93.3269415143472258478","-0.3632605692115816187","-50.4571428571429123622","99.2857142857142918047"
"060417","17:02:30","293041979","975720504","179782","1","775.7000000000000454747","369.8734350707204043829","612.9285714285714448124","204.0500309087739765346","-0.5274045546174656041","-162.7714285714286006623","93.5714285714285693984"
"060417","10:02:50","458687872","692047167","152019","1","657.9285714285714448124","289.0572041790078969825","632.3714285714286233997","279.6852874954415142383","-0.090093044832798258","-25.5571428571428214127","95"
"060417","12:04:49","651693740","193479138","19835","0","","0","","0","","0","0"
"060417","17:02:04","108362546","1332888","138181","1","580.7571428571428668874","145.1760985352660497938","606.1000000000000227374","153.7086600485249334724","0.1695102495766446782","25.3428571428571558499","93.5714285714285693984"
"060417","10:55:41","519814293","493662954","517863","1","651.1000000000000227374","293.2964148374843489364","603.0142857142857337749","275.5298186265525828276","-0.168987863687306783","-48.0857142857142889625","94.2857142857142775938"
"060417","12:02:03","232519460","855589275","133984","1","527.3999999999999772626","113.6747712695674152883","542.5285714285714675498","95.5094230768894902894","0.1442430603517139143","15.1285714285714902871","97.1428571428571387969"
"060417","23:01:36","41751691","931554416","152882","1","731.9857142857142662251","513.5131764635220861237","641.2857142857143344372","196.0233750374596866095","-0.2326060661790280704","-90.6999999999999317879","97.1428571428571387969"
"060417","12:01:41","568262582","581003830","140331","1","645.7857142857143344372","115.8570949904547120468","562.0571428571428214127","146.5239640799058236098","-0.6060642487257043021","-83.7285714285715130245","97.8571428571428469922"
"060417","16:59:55","557194628","996819172","233155","1","748.6285714285713766003","208.6008720248403847108","744.5","139.388077796790270213","-0.0233548923743351934","-4.1285714285713766003","99.2857142857142918047"
"060417","17:01:13","541895384","869871165","134231","1","587.2285714285713993377","156.3634906262589083781","585.4571428571429123622","166.830703540722197431","-0.0109957204349639941","-1.7714285714285713524","85"
"060417","12:00:41","477099693","779585569","165694","1","863.1285714285713766003","461.9695993959404063389","660.4142857142857110375","217.5556229296843469001","-0.5421982038322865627","-202.7142857142856655628","95.7142857142857224062"
"060417","17:00:48","202818504","884973471","148086","1","687.7999999999999545253","230.7207735820919367598","613.4571428571429123622","133.3117394522190863881","-0.3883932145419237147","-74.3428571428570421631","96.4285714285714306016"
"060417","17:00:20","153953040","110202787","165676","1","783.328571428571422075","308.9423623102110241234","776.4428571428571785873","240.3716105951869792534","-0.0249651697815883693","-6.8857142857142434877","97.8571428571428469922"
"060417","11:59:55","395566549","684878915","154514","1","663.5571428571428214127","234.6115281718670075861","701.8428571428571558499","169.9449728259705238997","0.1867504003997044193","38.2857142857143344372","96.4285714285714306016"
"060417","11:00:08","529778266","59139213","138190","1","553.1000000000000227374","150.5541599307827880239","592.5571428571428214127","229.2592125574086878714","0.203121465647227939","39.4571428571427986753","97.1428571428571387969"
"060417","16:59:37","319438603","768942290","144955","1","607.3571428571428896248","129.3782271979245592775","656.2000000000000454747","189.3943512617390751984","0.2988243064411361116","48.8428571428571558499","97.1428571428571387969"
"060417","16:58:18","840137840","719765141","224484","1","912","1070.3446626996824306843","665.6000000000000227374","277.4805594443783434144","-0.3153988751612839536","-246.3999999999999772626","96.4285714285714306016"
"060417","16:59:26","521896519","63741557","152432","1","632.3571428571428896248","196.9743627630797107031","590.7857142857143344372","200.108006550748001473","-0.2089765818882730608","-41.5714285714285551876","92.8571428571428612031"
"060417","10:59:17","819771406","985230320","126989","1","509.3000000000000113687","75.6623602171064817412","543.1571428571428441501","133.5145474041312070312","0.3093378212624288137","33.8571428571428327814","90.7142857142857081953"
"060417","16:58:33","442964686","475065590","157963","1","730.8428571428571558499","225.4346292158536755323","722","570.7221715523668308379","-0.0204524056024246691","-8.8428571428571558499","85"
"060417","16:59:07","295535480","248764852","125445","1","389.5142857142857337749","926.973003419367614697","124.7826086956521720595","128.3243672203622907091","-0.3922913499947959792","-264.7316770186335475046","58.5714285714285765039"
"060417","16:58:57","925534871","839895865","133459","1","556.4142857142857110375","144.8023633461893382446","649.6857142857143116998","433.373706353048191886","0.286711223022973194","93.2714285714286006623","97.1428571428571387969"
"060417","16:58:23","835823933","399361418","163537","1","763.7000000000000454747","306.9319119132524633642","711.8714285714286233997","235.0746364010565514491","-0.1894124166802505504","-51.828571428571422075","92.1428571428571387969"
"060417","16:58:45","578969310","6389272","136671","1","560.8142857142856883002","150.0524828819825131632","579.3714285714286233997","195.7363778315753677361","0.1066394293507089419","18.5571428571429350995","90.7142857142857081953"
"060417","09:57:43","89836482","135224529","181191","1","795.828571428571422075","239.9108512826109063099","781.4714285714285324502","238.8205148270924382814","-0.0601692812715224901","-14.3571428571428896248","97.8571428571428469922"
"060417","16:57:59","457060596","329590569","151376","1","593.2571428571428668874","181.5554920330711183851","580.3571428571428896248","132.9940649993515933147","-0.0812871754676455366","-12.8999999999999772626","97.8571428571428469922"
"060417","16:57:59","401854638","169063648","136946","1","569.828571428571422075","186.6990115425712133401","535.6000000000000227374","100.011216762225359389","-0.2278715490973438063","-34.2285714285713993377","99.2857142857142918047"
"060417","16:58:44","766813261","679087363","146392","1","673.0285714285714675498","235.9221789789197316622","703.8428571428571558499","248.8164235523844354248","0.1272919657244623026","30.8142857142856883002","88.5714285714285693984"
"060417","16:57:11","382308651","188907763","155729","1","583.2285714285713993377","120.9975651244502330428","631.6142857142857565123","245.6541278252784934466","0.2488266386922141915","48.3857142857143571746","97.1428571428571387969"
"060417","16:57:31","586906512","536632885","135076","1","525.1000000000000227374","105.0461803208474691473","502.2428571428571331126","108.4147211398635164414","-0.2136666394375840716","-22.8571428571428576504","99.2857142857142918047"
"060417","21:42:24","408698055","449129732","115291","1","238.671428571428577925","512.7793186221780388223","628.5714285714285551876","290.9769935339314770317","0.8491477722093130343","389.8999999999999772626","60.7142857142857081953"
"060417","11:57:05","396106905","684618053","141585","1","695.9428571428571785873","243.3934541004848028933","604.8428571428571558499","152.6101061969932572993","-0.4390273916226204998","-91.0999999999999943157","98.5714285714285693984"
"060417","10:57:09","174923111","209317706","133148","1","526.4857142857142662251","104.3599877315893849072","531.1142857142857565123","152.1189983139288983693","0.0356058931720716967","4.6285714285714902871","95.7142857142857224062"
"060417","16:56:07","126354750","670122640","190463","1","802.2999999999999545253","112.1301456577018598182","803.2714285714286006623","122.3618915560555677757","0.0083073750789606111","0.9714285714286461371","100"
"060417","16:57:57","721351104","137963942","128962","1","530.3999999999999772626","142.4877721679699504875","522.2999999999999545253","192.1473129009940521428","-0.0480457482499892161","-8.1000000000000227374","95.7142857142857224062"
"060417","11:56:46","144675135","26091201","151011","1","673.8857142857142434877","250.8481579435761545938","766.8714285714286233997","385.8192834238558930338","0.2838600297456772559","92.985714285714379912","82.1428571428571387969"
"060417","16:55:26","986088085","933988427","228899","1","1076.5571428571429350995","709.7069335084581780393","1174.7000000000000454747","919.0805794891994082718","0.1197423851233880149","98.1428571428571103752","98.5714285714285836093"
"060417","10:56:24","714016607","246623360","150543","1","741.7714285714286006623","238.4202337627719998636","602.8714285714286233997","192.7739474722052079869","-0.6119307747908899753","-138.8999999999999772626","87.1428571428571387969"
"060417","16:55:16","770055398","675845226","189584","1","706.2000000000000454747","311.0582498224546839083","783.1571428571428441501","339.7495085668683714175","0.2354613650603554487","76.9571428571427986753","90"
"060417","11:53:51","132037807","664719079","265587","1","1241.3478260869565019675","1156.3643053335815693572","1443.1449275362319895066","1513.8871400486807488051","0.1499313927859580731","201.7971014492754875391","89.2857142857142918047"
"060517","00:54:20","58930068","29152710","152522","1","706.5857142857142889625","284.0518677303084018604","682.2857142857143344372","294.4763046424264985035","-0.0842211054999509739","-24.2999999999999545253","88.5714285714285693984"
"060417","16:55:23","590338572","901321083","161509","1","692.7571428571428668874","159.6209673229357974833","711.3857142857142434877","195.9547635506166898267","0.1044701367395813874","18.6285714285713766003","99.2857142857142918047"
"060417","16:55:31","972422245","568045707","138770","1","663.1857142857143116998","246.6318204640763838142","602.6142857142857565123","174.3304618759675577166","-0.2817889013275003407","-60.5714285714285551876","94.2857142857142775938"
"060417","16:55:23","342463773","921692041","151828","1","571.1428571428571103752","255.6479852053298600367","562.4428571428571785873","128.6520569592043159446","-0.0431359322164812167","-8.6999999999999317879","95.7142857142857224062"
"060417","16:55:27","302261407","268955007","147432","1","631.5714285714285551876","142.8809752377347308538","699.6285714285713766003","252.0625739788201542524","0.328814724479796483","68.0571428571428214127","98.5714285714285836093"
"060417","11:55:36","824485211","751326627","131295","1","613.7142857142856655628","188.164755348284018055","534.3428571428571558499","120.7074419513687075778","-0.4885469100039299128","-79.3714285714285097129","94.2857142857142775938"
"060417","16:54:57","701531034","776284644","157701","1","662.8999999999999772626","71.4944307144858441916","661.5571428571428214127","88.2003049247558550405","-0.0167864248771930208","-1.3428571428571558499","100"
"060417","16:55:26","418126935","500182835","129531","1","530.9428571428571785873","108.9399363449822715211","567.9428571428571785873","141.134829739619732436","0.2913851455844035376","37","96.4285714285714306016"
"060417","16:55:49","939925246","431660649","145521","1","610.7571428571428668874","165.3637567597246800233","561.2857142857143344372","108.7626245022284763309","-0.3492698005532516858","-49.4714285714285324502","97.8571428571428469922"
"060417","16:55:11","457149023","505741942","133829","1","570.1000000000000227374","77.0339940018954791867","575.2285714285713993377","166.3547955798761677215","0.0396981937268621812","5.1285714285713766003","99.2857142857142918047"
"060417","16:53:12","682614976","825937920","237665","1","1116.7000000000000454747","1471.81496306677308894","1229.0724637681159947533","1642.5411832856516411994","0.072299720143593274","112.3724637681159492786","92.1428571428571387969"
"060417","16:54:28","290514193","713838556","148348","1","515.9857142857142662251","137.6495753355676470164","615.7428571428571331126","304.003465164951933275","0.414978339831157339","99.7571428571428526766","86.4285714285714306016"
"060417","16:54:04","445154297","559074412","171947","1","660.7428571428571331126","120.5420950845413301522","682.4285714285714448124","104.3999516114845533821","0.1921136053513039788","21.6857142857143116998","100"
"060417","09:54:29","651600877","782924188","132078","1","556.5142857142857337749","159.3336434589009229512","575.5","168.5143738762321561353","0.1159965505836106359","18.9857142857142662251","92.8571428571428612031"
"060417","11:54:28","696533806","812019091","124097","1","490.8000000000000113687","131.0591856564335841995","539.9857142857142662251","427.5270817036765151897","0.1556417584147757882","49.1857142857142548564","82.8571428571428612031"
"060417","16:53:44","260616773","50785345","159403","1","642.1142857142857565123","145.8731375433074788361","660.2000000000000454747","183.21410615902942709","0.1094431609947124073","18.0857142857142889625","98.5714285714285836093"
"060417","16:53:16","711291211","177862713","167176","1","798.1000000000000227374","339.7441130010064398448","835.7571428571428668874","470.5829698044536257839","0.0919883976809221238","37.6571428571428441501","89.2857142857142918047"
"060417","16:48:04","910638292","318553201","486182","1","710.4347826086956274594","337.7908541173365506438","931.3134328358208904319","802.9563784701607573879","0.3559935124040696786","220.8786502271252629725","89.2857142857142918047"
"060417","16:53:41","641536845","119483849","175338","1","709.5714285714285551876","205.2265324138797666365","816.4857142857142662251","270.6551762494889885602","0.4359337277151715262","106.9142857142857110375","98.5714285714285836093"
"060417","12:53:01","124933051","987118043","174374","1","764.5428571428570876378","286.3795842105161568725","840.0857142857142889625","485.0172189639366706615","0.1894958584867759976","75.5428571428572013247","93.5714285714285693984"
"060417","16:53:10","691104660","132568307","159916","1","601.7714285714286006623","166.802075841926978228","609.1571428571428441501","146.805859745061184185","0.0471629127660105549","7.3857142857142434877","99.2857142857142918047"
"060417","11:52:34","821226337","433692170","188202","1","734.5428571428570876378","334.7435828400420518847","916.3428571428571558499","760.4580596295147643104","0.3068539761674407562","181.8000000000000682121","92.1428571428571387969"
"060417","16:52:48","61929977","26171434","144753","1","650.3571428571428896248","280.6150613017761088486","568.5714285714285551876","155.0738553758113198455","-0.3562274821871593278","-81.7857142857143344372","98.5714285714285836093"
"060417","11:53:20","168502242","728035459","136339","1","589.5714285714285551876","139.4014712488194618345","565.2999999999999545253","171.2077600503239978025","-0.1555559531914691707","-24.2714285714286006623","92.1428571428571387969"
"060417","16:51:58","705822824","728404114","176588","1","594.6428571428571103752","301.1158011013003488188","616.9714285714285324502","385.9708621362751159722","0.0647040207605849432","22.328571428571422075","82.8571428571428612031"
"060417","16:51:56","417009541","733147810","178497","1","804.7428571428571331126","192.849245448301644501","865.3857142857142434877","432.5202950036706397441","0.1810019928092299613","60.6428571428571103752","92.1428571428571387969"
"060417","16:52:30","404453421","108520775","143917","1","624.5571428571428214127","148.4471931399807544949","626.7999999999999545253","134.8238356770297059484","0.0158738348995320355","2.2428571428571331126","100"
"060417","11:52:41","252746017","11409811","129564","1","526.4571428571429123622","144.8088881204289180005","603.5714285714285551876","355.2536783531409128045","0.2824200130165659961","77.1142857142856428254","98.5714285714285836093"
"060417","11:52:37","263374453","48307159","125654","1","527.0285714285714675498","175.552211270571916657","583.7428571428571331126","273.2724226430938188059","0.2459370198105058358","56.7142857142856655628","88.5714285714285693984"
"060417","16:52:14","244636852","857402634","138865","1","353.0434782608695627459","984.9965875542951607713","164.8428571428571558499","139.7253657958743247036","-0.2670226460729768214","-188.200621118012406896","48.5714285714285693984"
"060417","10:52:47","60750413","164608725","136609","1","498.7285714285714561811","145.2422186225250015923","523.6142857142857565123","109.0936697451682277915","0.1935262990107432524","24.8857142857143003312","96.4285714285714306016"
"060417","16:52:27","220631899","713997601","122831","1","529.8857142857142434877","163.8624859011797241237","461.9571428571428555188","144.9052099676764555625","-0.4303591028705293087","-67.928571428571387969","84.2857142857142918047"
"060417","16:52:26","257017186","136348193","127692","1","526.8571428571428896248","141.5889422639653503211","563.3999999999999772626","180.9244697881299543951","0.2243247209770794226","36.5428571428570876378","95"
"060417","16:51:11","839077610","775444143","161772","1","807.6428571428571103752","299.5823196595353579141","633.4857142857142662251","235.896608576486784159","-0.6164609083596626071","-174.1571428571428441501","92.1428571428571387969"
"060417","16:51:47","94271740","320134009","144480","1","661.2000000000000454747","221.092911153475881747","690.7571428571428668874","216.3177638296036207066","0.1353136479206152043","29.5571428571428214127","98.5714285714285836093"
"060417","16:51:20","932514700","18299042","171525","1","620.6571428571428441501","250.1743094187884537405","883.7285714285713993377","677.2358123642416103394","0.5005947280406756184","263.0714285714285551876","95.7142857142857081953"
"060417","16:51:25","40530475","224214270","168444","1","673.2285714285713993377","316.2752044801238184846","920.7428571428571331126","886.180268992228661773","0.366974249892052018","247.5142857142857337749","97.1428571428571387969"
"060417","08:51:30","871493385","565573467","154883","1","768.9142857142857110375","439.4007362753702636837","631.5","262.9851348639696198006","-0.3740934782905371847","-137.4142857142857110375","91.4285714285714306016"
"060417","11:51:36","116203603","842669610","141844","1","588.828571428571422075","122.850795733777630403","590.328571428571422075","136.307699807879942","0.0116019665005538848","1.5","91.4285714285714306016"
"060417","16:51:20","990923689","386345263","156692","1","616.1285714285713766003","235.7705788229511085774","653.5285714285714675498","195.3196355756579123408","0.1727270186655144035","37.4000000000000909495","94.2857142857142775938"
"060417","16:51:26","452657010","238633163","135069","1","521.5857142857142889625","170.9495639542523690579","547.2857142857143344372","256.2053152475110664454","0.1182218148984918171","25.7000000000000454747","96.4285714285714306016"
"060417","16:50:51","584142627","443458155","150158","1","563.671428571428577925","127.268371177906686853","557.2142857142856655628","103.0729153556704602579","-0.0559387125999746965","-6.4571428571429123622","99.2857142857142918047"
"060417","16:51:15","792537247","325403028","124443","1","505.1571428571428441501","137.1587079996172064966","494.4857142857142662251","103.5361370586069682531","-0.0880507129878000117","-10.671428571428577925","95"
"060417","16:50:57","188050185","197957387","141026","1","517.6571428571428441501","225.5597793904643708629","575.5714285714285551876","202.243974592073243457","0.268847792327719215","57.9142857142857110375","95"
"060417","16:51:17","634653356","191259376","155232","1","638.7428571428571331126","208.2226153829977590703","645.7428571428571331126","205.0046790356285839607","0.033996211525875529","7","94.2857142857142775938"
"060417","16:48:55","871816184","805629999","255052","1","1081.171428571428577925","1045.5308473665570545563","1725.7101449275362483604","1839.2327292639088227588","0.4233380601752685934","644.5387163561076704354","94.2857142857142775938"
"060417","15:50:20","115866054","964858903","157828","1","653.8857142857142434877","184.8269494479526997566","699.7714285714286006623","312.1602696603961817345","0.1788006149546284007","45.8857142857143571746","99.2857142857142918047"
"060417","16:50:29","770982324","663244614","152090","1","671.2000000000000454747","131.4494006358955004998","670.9428571428571785873","137.5948564207888011879","-0.001917940472747006","-0.2571428571428668874","100"
"060417","16:50:31","886404470","368514037","140545","1","574.6428571428571103752","213.7980244017593633998","526.1857142857143116998","134.0425297917069258347","-0.2700382044753300015","-48.4571428571427986753","93.5714285714285693984"
"060417","16:50:11","235267708","951109345","157065","1","673.1428571428571103752","235.7303351082952929119","672.7428571428571331126","226.750944629276489195","-0.0017357280375736672","-0.3999999999999772626","96.4285714285714306016"
"060417","16:49:43","307982340","674168770","175685","1","692.0571428571428214127","291.5348133791371196821","847.7571428571428668874","559.1982986983067576148","0.3451307618789428155","155.7000000000000454747","95.7142857142857224062"
"060417","16:50:27","673159225","761067712","120330","1","444.2142857142857224062","101.375738580149459267","453.828571428571422075","110.2320308309614489417","0.0910227092027692253","9.6142857142856996688","86.4285714285714306016"
"060417","16:51:01","589750132","2966194","141498","1","587.0142857142857337749","154.9112408658061497135","623.0285714285714675498","423.0188254771582592184","0.1132839592394968287","36.0142857142857337749","97.8571428571428469922"
"060417","11:49:48","831270395","782934597","144271","1","628.7428571428571331126","191.5519898182021734101","644.8428571428571558499","152.6242554577654573222","0.0931981195338343754","16.1000000000000227374","100"
"060417","16:49:48","683947715","750279222","139942","1","607.1000000000000227374","119.8510125839213031895","637.6000000000000227374","215.5769071550817272964","0.1748310984909007548","30.5","100"
"060417","16:47:32","859777970","144450739","151723","1","576.7571428571428668874","158.6757185075660459006","595.7999999999999545253","215.2448285833694683333","0.1009436071754463288","19.0428571428570876378","90.7142857142857081953"
"060417","16:49:18","844411439","273528836","162047","1","748.828571428571422075","299.0276498983442934332","747.2000000000000454747","268.277954497877317408","-0.0057537202570854141","-1.6285714285713766003","87.8571428571428612031"
"060417","16:49:45","735056747","461146531","138524","1","615.1000000000000227374","154.0931536441512719193","613.7142857142856655628","162.8521284324823454881","-0.0087723766424335093","-1.3857142857143571746","97.1428571428571387969"
"060417","16:45:28","497256242","29263071","164423","1","721.3142857142856883002","367.3064724729158569971","665.1571428571428441501","385.2583411699139332995","-0.149318253733898787","-56.1571428571428583609","93.5714285714285693984"
"060417","16:48:50","684851376","581380616","156452","1","665.8857142857142434877","185.485383060748574735","614.9571428571429123622","111.1268286674704626193","-0.3296923348914932994","-50.9285714285713311256","99.2857142857142918047"
"060417","16:48:38","976557668","400692651","162599","1","641.2857142857143344372","119.2090044815506786335","650.4714285714285324502","142.3622366297309724814","0.0701708378696036389","9.185714285714198013","99.2857142857142918047"
"060417","11:48:49","462816825","894503723","149038","1","631.3857142857142434877","174.7114634050513757302","713.3428571428571558499","230.4296482103097503114","0.3943097100705677538","81.9571428571429123622","96.4285714285714306016"
"060417","16:49:03","14398096","451166222","112937","1","442.6999999999999886313","76.2994387123922592764","462.6571428571428441501","90.8044380123181298359","0.2371282143658593189","19.9571428571428555188","89.2857142857142918047"
"060417","16:48:13","912384140","354444042","154149","1","602.7999999999999545253","201.147260209666086439","748.8142857142856883002","491.7821272296563392956","0.3827825863116466887","146.0142857142857337749","99.2857142857142918047"
"060417","16:48:23","711230222","70101316","143668","1","625.3714285714286233997","187.8561098618364155755","611.6000000000000227374","184.6644744284672299273","-0.0741497681076542098","-13.7714285714285722406","97.8571428571428612031"
"060417","16:48:26","647976986","50969122","134283","1","550.8999999999999772626","136.2164890314604406285","604.9142857142857110375","184.9791796241131009992","0.3291418057864752278","54.0142857142857337749","92.8571428571428612031"
"060417","16:48:20","640216132","794010806","136040","1","567.9857142857142662251","198.4695422810527531965","575.4142857142857110375","211.6126138576935602487","0.0363360022276245573","7.4285714285714448124","89.2857142857142918047"
"060417","16:47:31","837822628","248791510","161875","1","682.828571428571422075","202.6226571754208976017","681.3571428571428896248","263.0713814914771546682","-0.006289353029798943","-1.4714285714285324502","95"
"060417","16:48:06","593344854","673166633","131045","1","551.4571428571429123622","136.794322040218702341","537.2142857142856655628","155.288407964126946581","-0.0975661450933576202","-14.2428571428571419943","91.4285714285714306016"
"060417","11:46:33","488211867","636739174","203155","1","967.5285714285714675498","986.462788200941758987","1026.7999999999999545253","620.4271459875534446837","0.0721418754055263012","59.2714285714284869755","93.5714285714285693984"
"060417","11:47:32","960962249","571192126","141981","1","638.7000000000000454747","263.2545662788522236042","539.8428571428571558499","228.3182774501536869138","-0.3946713542473336833","-98.8571428571428896248","55.0000000000000071054"
"060417","16:47:25","323563750","195404303","141890","1","578.2999999999999545253","148.5247600497174005341","516.0285714285714675498","81.7911747885544571091","-0.5042974477655849386","-62.2714285714284869755","99.2857142857142918047"
"060417","16:47:35","164122989","155214558","134864","1","606.2857142857143344372","233.3107738280960461452","505.1857142857143116998","124.9255190111572773048","-0.5231822322789458912","-101.1000000000000227374","95.7142857142857224062"
"060417","16:47:19","411004218","810232481","137800","1","539.9285714285714448124","132.6362926516131608423","548.5142857142857337749","188.9030686838570431973","0.0527761924357444609","8.5857142857142889625","81.4285714285714306016"
"060417","11:47:02","850584226","378607268","163773","1","639.7714285714286006623","191.3993602755025165152","683.4857142857142662251","164.0127904924935648978","0.2442955291213711466","43.7142857142856655628","92.8571428571428612031"
"060417","16:47:35","629263781","152067757","115343","1","436.5285714285714107064","93.311030683435234323","425.1857142857143116998","75.7699211586031111665","-0.133635656562857863","-11.3428571428570990065","97.1428571428571387969"
"060417","16:46:46","621555173","644956314","153500","1","647.7571428571428668874","238.0467884659753394772","634.7285714285713993377","189.7613238818910303962","-0.0607148911322256818","-13.0285714285714675498","99.2857142857142918047"
"060417","11:46:15","288187258","631889267","151156","1","566.3857142857142434877","128.3348533157278836825","651.0571428571428214127","210.3970632485218743568","0.4736600280141648467","84.671428571428577925","88.5714285714285693984"
"060417","16:46:33","371240082","967830610","168811","1","770.5","287.2308443935199875341","735.7000000000000454747","230.3327995547411717325","-0.1338513918223779853","-34.7999999999999545253","93.5714285714285693984"
"060417","16:46:15","877270004","396792742","181713","1","601.8999999999999772626","211.3665097627232114519","590.4857142857142662251","183.8581481293129513688","-0.0578056603899183563","-11.4142857142857110375","95"
"060417","16:46:49","144273433","689884153","143323","1","534.2000000000000454747","163.1050697192330574126","682.0428571428570876378","243.3410224543115987217","0.6740770268902777085","147.8428571428570421631","94.2857142857142775938"
"060417","16:46:58","796790838","432400656","128973","1","474.671428571428577925","149.4088565588381243288","586.3999999999999772626","240.9695031519037797807","0.5384978236431600118","111.7285714285714277594","80"
"060417","10:47:44","895405525","782040658","82479","1","361.9428571428571217439","442.8825828530819421758","127.3142857142857167219","52.6113843571441819336","-0.6992084517807575228","-234.628571428571405022","57.1428571428571387969"
"060417","16:46:00","955696180","318366566","173313","1","767.0428571428570876378","235.2099546667343474837","822.3999999999999772626","271.2106192611195751851","0.2175515699585660323","55.3571428571428896248","98.5714285714285836093"
"060417","16:46:28","194269562","324698491","138431","1","545.0857142857142889625","116.3936029490169801193","561.5571428571428214127","97.9440295232673037162","0.1532287067427857141","16.4714285714285715301","97.1428571428571387969"
"060417","16:45:53","841163372","730630716","169607","1","769.1285714285713766003","316.4053042588683410941","689.1285714285713766003","202.1427907878361907024","-0.2989919475067095433","-80","98.5714285714285836093"
"060417","16:45:59","60903635","381463493","148295","1","658.7285714285713993377","216.5626007449298526808","780.7285714285713993377","295.738080428140051481","0.4596590737166793561","122","82.8571428571428612031"
"060417","16:46:11","348714195","872522504","134396","1","526.2142857142856655628","125.8533645087731827061","546.6142857142857565123","123.8138262112781404767","0.1634505381659739631","20.4000000000000909495","99.2857142857142918047"
"060417","16:46:10","530730367","398583464","136052","1","567.7857142857143344372","115.2516959361077510948","570.3428571428571558499","122.3640192585619104193","0.0215902531032335851","2.5571428571428214127","98.5714285714285836093"
"060417","16:46:01","539751003","990890724","139570","1","643.7000000000000454747","215.4575414644680790843","594.2000000000000454747","170.5441079416791865242","-0.2535995665583434255","-49.5","95.7142857142857224062"
"060417","16:45:42","270262339","649814185","148174","1","519.2000000000000454747","81.1766011835316021461","503","68.1849573278234259988","-0.2156157019852007195","-16.1999999999999992895","100"
"060417","16:44:53","775412844","846851619","193047","1","614.1142857142857565123","272.7943719327398071073","610.9857142857142662251","227.8096391222694592216","-0.0124938028525615266","-3.1285714285714902871","89.2857142857142918047"
"060517","01:45:33","393953674","945117018","145947","1","638.7857142857143344372","258.9312981936809592298","634.4714285714285324502","191.2640425026392563268","-0.0190210626461112184","-4.314285714285801987","93.5714285714285693984"
"060417","10:45:36","439114050","604500266","131231","1","565.9285714285714448124","190.9937643286354784777","554.6000000000000227374","207.4299183206046279793","-0.0570007935286367465","-11.328571428571422075","85.7142857142857081953"
"060417","16:45:04","587946902","112580577","149242","1","718.328571428571422075","347.9882440721560215025","624.8428571428571558499","171.0437384281766810545","-0.337259205476769075","-93.4857142857142662251","94.2857142857142775938"
"060417","16:47:23","672926275","593585213","123757","1","525.2857142857143344372","127.670674950185571106","474.9285714285714448124","103.3525444641057333683","-0.4251063337299699763","-50.3571428571428896248","95"
"060417","16:44:33","433095860","42953077","157817","1","689.5142857142857337749","261.8150549173336116837","706.2428571428571331126","209.9041489819445303056","0.0707107912832792979","16.7285714285713993377","98.5714285714285836093"
"060417","11:44:45","617264163","913377563","143967","1","603.3428571428571558499","244.8967771735252370036","598.2285714285713993377","215.0352294310873162431","-0.0222714579412008479","-5.1142857142857565123","93.5714285714285693984"
"060417","10:44:47","408207897","930862795","139903","1","593.2857142857143344372","170.9471604824678081513","585.3428571428571558499","166.8723269417814094595","-0.0471776802359789027","-7.9428571428571785873","92.8571428571428612031"
"060417","09:44:00","241250543","246391373","179048","1","861.6000000000000227374","376.6096045016623179436","815.0142857142857337749","469.6384206703836525776","-0.109669500777122314","-46.5857142857142889625","92.8571428571428612031"
"060417","16:44:40","189536788","329431265","145064","1","646.3571428571428896248","287.9544567308148543816","616","224.9153786121168820955","-0.1177162669687028818","-30.3571428571428896248","97.8571428571428469922"
"060417","16:44:24","864368605","552376172","146503","1","705.1857142857143116998","752.3720805685493360215","615.171428571428577925","194.3020934515856765756","-0.1638583434341848999","-90.0142857142857337749","89.2857142857142918047"
"060417","11:43:31","842996587","573748190","177139","1","900.1857142857143116998","443.7986974416797352205","751.6285714285713766003","201.5387308717803307445","-0.4227442126132250899","-148.5571428571429350995","97.8571428571428469922"
"060417","16:42:11","744054012","690761844","148370","1","630.8714285714286233997","406.4058056696379139794","592.2571428571428668874","236.1012854205280859787","-0.1164076394622069882","-38.6142857142857565123","95.7142857142857224062"
"060417","16:42:29","293206528","162829757","161236","1","802.328571428571422075","556.9561354837578619481","684.8857142857142434877","351.2932852428705245984","-0.2511224308425772933","-117.4428571428571359547","92.8571428571428612031"
"060417","16:41:31","996106051","396379607","130329","1","556.7571428571428668874","129.222584703740835721","517.4428571428571785873","208.1596819970421563539","-0.2262743144765599901","-39.3142857142856883002","74.2857142857142918047"
